connect test/test@XEPDB1;

--------------------------------------------------------
--  File created - Friday-February-03-2023
--------------------------------------------------------
--------------------------------------------------------
--  DDL for Table CITIES
--------------------------------------------------------

  CREATE TABLE "TEST"."CITIES"
   (	"CITY_ID" VARCHAR2(7 BYTE),
	"NAME" VARCHAR2(100 BYTE),
	"OFFICIAL_NAME" VARCHAR2(200 BYTE),
	"POPULATION" NUMBER(8,0),
	"IS_CAPITAL" CHAR(1 BYTE) DEFAULT 'N',
	"LATITUDE" NUMBER(8,5),
	"LONGITUDE" NUMBER(8,5),
	"TIMEZONE" VARCHAR2(40 BYTE),
	"COUNTRY_ID" VARCHAR2(3 BYTE)
   ) SEGMENT CREATION IMMEDIATE
  PCTFREE 10 PCTUSED 40 INITRANS 1 MAXTRANS 255
 NOCOMPRESS LOGGING
  STORAGE(INITIAL 65536 NEXT 1048576 MINEXTENTS 1 MAXEXTENTS 2147483645
  PCTINCREASE 0 FREELISTS 1 FREELIST GROUPS 1
  BUFFER_POOL DEFAULT FLASH_CACHE DEFAULT CELL_FLASH_CACHE DEFAULT)
  TABLESPACE "USERS" ;
--------------------------------------------------------
--  DDL for Table COUNTRIES
--------------------------------------------------------

  CREATE TABLE "TEST"."COUNTRIES"
   (	"COUNTRY_ID" VARCHAR2(3 BYTE),
	"COUNTRY_CODE" VARCHAR2(2 BYTE),
	"NAME" VARCHAR2(100 BYTE),
	"OFFICIAL_NAME" VARCHAR2(200 BYTE),
	"POPULATION" NUMBER(10,0),
	"AREA_SQ_KM" NUMBER(10,2),
	"LATITUDE" NUMBER(8,5),
	"LONGITUDE" NUMBER(8,5),
	"TIMEZONE" VARCHAR2(40 BYTE),
	"REGION_ID" VARCHAR2(2 BYTE)
   ) SEGMENT CREATION IMMEDIATE
  PCTFREE 10 PCTUSED 40 INITRANS 1 MAXTRANS 255
 NOCOMPRESS LOGGING
  STORAGE(INITIAL 65536 NEXT 1048576 MINEXTENTS 1 MAXEXTENTS 2147483645
  PCTINCREASE 0 FREELISTS 1 FREELIST GROUPS 1
  BUFFER_POOL DEFAULT FLASH_CACHE DEFAULT CELL_FLASH_CACHE DEFAULT)
  TABLESPACE "USERS" ;
--------------------------------------------------------
--  DDL for Table CURRENCIES
--------------------------------------------------------

  CREATE TABLE "TEST"."CURRENCIES"
   (	"CURRENCY_ID" VARCHAR2(3 BYTE),
	"NAME" VARCHAR2(50 BYTE),
	"OFFICIAL_NAME" VARCHAR2(200 BYTE),
	"SYMBOL" VARCHAR2(18 BYTE)
   ) SEGMENT CREATION IMMEDIATE
  PCTFREE 10 PCTUSED 40 INITRANS 1 MAXTRANS 255
 NOCOMPRESS LOGGING
  STORAGE(INITIAL 65536 NEXT 1048576 MINEXTENTS 1 MAXEXTENTS 2147483645
  PCTINCREASE 0 FREELISTS 1 FREELIST GROUPS 1
  BUFFER_POOL DEFAULT FLASH_CACHE DEFAULT CELL_FLASH_CACHE DEFAULT)
  TABLESPACE "USERS" ;
--------------------------------------------------------
--  DDL for Table CURRENCIES_COUNTRIES
--------------------------------------------------------

  CREATE TABLE "TEST"."CURRENCIES_COUNTRIES"
   (	"CURRENCY_ID" VARCHAR2(3 BYTE),
	"COUNTRY_ID" VARCHAR2(3 BYTE)
   ) SEGMENT CREATION IMMEDIATE
  PCTFREE 10 PCTUSED 40 INITRANS 1 MAXTRANS 255
 NOCOMPRESS LOGGING
  STORAGE(INITIAL 65536 NEXT 1048576 MINEXTENTS 1 MAXEXTENTS 2147483645
  PCTINCREASE 0 FREELISTS 1 FREELIST GROUPS 1
  BUFFER_POOL DEFAULT FLASH_CACHE DEFAULT CELL_FLASH_CACHE DEFAULT)
  TABLESPACE "USERS" ;
--------------------------------------------------------
--  DDL for Table REGIONS
--------------------------------------------------------

  CREATE TABLE "TEST"."REGIONS"
   (	"REGION_ID" VARCHAR2(2 BYTE),
	"NAME" VARCHAR2(13 BYTE)
   ) SEGMENT CREATION IMMEDIATE
  PCTFREE 10 PCTUSED 40 INITRANS 1 MAXTRANS 255
 NOCOMPRESS LOGGING
  STORAGE(INITIAL 65536 NEXT 1048576 MINEXTENTS 1 MAXEXTENTS 2147483645
  PCTINCREASE 0 FREELISTS 1 FREELIST GROUPS 1
  BUFFER_POOL DEFAULT FLASH_CACHE DEFAULT CELL_FLASH_CACHE DEFAULT)
  TABLESPACE "USERS" ;
REM INSERTING into TEST.CITIES
SET DEFINE OFF;
Insert into TEST.CITIES (CITY_ID,NAME,OFFICIAL_NAME,POPULATION,IS_CAPITAL,LATITUDE,LONGITUDE,TIMEZONE,COUNTRY_ID) values ('AND0001','Andorra la Vella',null,23000,'Y',42.50779,1.52109,null,'AND');
Insert into TEST.CITIES (CITY_ID,NAME,OFFICIAL_NAME,POPULATION,IS_CAPITAL,LATITUDE,LONGITUDE,TIMEZONE,COUNTRY_ID) values ('ARE0001','Abu Dhabi',null,1420000,'Y',24.45118,54.39696,null,'ARE');
Insert into TEST.CITIES (CITY_ID,NAME,OFFICIAL_NAME,POPULATION,IS_CAPITAL,LATITUDE,LONGITUDE,TIMEZONE,COUNTRY_ID) values ('AFG0001','Kabul',null,4012000,'Y',34.52813,69.17233,null,'AFG');
Insert into TEST.CITIES (CITY_ID,NAME,OFFICIAL_NAME,POPULATION,IS_CAPITAL,LATITUDE,LONGITUDE,TIMEZONE,COUNTRY_ID) values ('ATG0001','Saint John''s','Saint John’s',21000,'Y',17.12096,-61.84329,null,'ATG');
Insert into TEST.CITIES (CITY_ID,NAME,OFFICIAL_NAME,POPULATION,IS_CAPITAL,LATITUDE,LONGITUDE,TIMEZONE,COUNTRY_ID) values ('ALB0001','Tirana',null,476000,'Y',41.3275,19.81889,null,'ALB');
Insert into TEST.CITIES (CITY_ID,NAME,OFFICIAL_NAME,POPULATION,IS_CAPITAL,LATITUDE,LONGITUDE,TIMEZONE,COUNTRY_ID) values ('ARM0001','Yerevan',null,1080000,'Y',40.18111,44.51361,null,'ARM');
Insert into TEST.CITIES (CITY_ID,NAME,OFFICIAL_NAME,POPULATION,IS_CAPITAL,LATITUDE,LONGITUDE,TIMEZONE,COUNTRY_ID) values ('AGO0001','Luanda',null,7774000,'Y',-8.83682,13.23432,null,'AGO');
Insert into TEST.CITIES (CITY_ID,NAME,OFFICIAL_NAME,POPULATION,IS_CAPITAL,LATITUDE,LONGITUDE,TIMEZONE,COUNTRY_ID) values ('ARG0001','Buenos Aires',null,14967000,'Y',-34.61315,-58.37723,null,'ARG');
Insert into TEST.CITIES (CITY_ID,NAME,OFFICIAL_NAME,POPULATION,IS_CAPITAL,LATITUDE,LONGITUDE,TIMEZONE,COUNTRY_ID) values ('AUT0001','Vienna',null,1901000,'Y',48.20849,16.37208,null,'AUT');
Insert into TEST.CITIES (CITY_ID,NAME,OFFICIAL_NAME,POPULATION,IS_CAPITAL,LATITUDE,LONGITUDE,TIMEZONE,COUNTRY_ID) values ('AUS0001','Canberra',null,423000,'Y',-35.28346,149.12807,null,'AUS');
Insert into TEST.CITIES (CITY_ID,NAME,OFFICIAL_NAME,POPULATION,IS_CAPITAL,LATITUDE,LONGITUDE,TIMEZONE,COUNTRY_ID) values ('AZE0001','Baku',null,2286000,'Y',40.37767,49.89201,null,'AZE');
Insert into TEST.CITIES (CITY_ID,NAME,OFFICIAL_NAME,POPULATION,IS_CAPITAL,LATITUDE,LONGITUDE,TIMEZONE,COUNTRY_ID) values ('BIH0001','Sarajevo',null,343000,'Y',43.84864,18.35644,null,'BIH');
Insert into TEST.CITIES (CITY_ID,NAME,OFFICIAL_NAME,POPULATION,IS_CAPITAL,LATITUDE,LONGITUDE,TIMEZONE,COUNTRY_ID) values ('BRB0001','Bridgetown',null,89000,'Y',13.10732,-59.62021,null,'BRB');
Insert into TEST.CITIES (CITY_ID,NAME,OFFICIAL_NAME,POPULATION,IS_CAPITAL,LATITUDE,LONGITUDE,TIMEZONE,COUNTRY_ID) values ('BGD0001','Dhaka',null,19578000,'Y',23.7104,90.40744,null,'BGD');
Insert into TEST.CITIES (CITY_ID,NAME,OFFICIAL_NAME,POPULATION,IS_CAPITAL,LATITUDE,LONGITUDE,TIMEZONE,COUNTRY_ID) values ('BEL0001','Brussels',null,2050000,'Y',50.85045,4.34878,null,'BEL');
Insert into TEST.CITIES (CITY_ID,NAME,OFFICIAL_NAME,POPULATION,IS_CAPITAL,LATITUDE,LONGITUDE,TIMEZONE,COUNTRY_ID) values ('BFA0001','Ouagadougou',null,2531000,'Y',12.36566,-1.53388,null,'BFA');
Insert into TEST.CITIES (CITY_ID,NAME,OFFICIAL_NAME,POPULATION,IS_CAPITAL,LATITUDE,LONGITUDE,TIMEZONE,COUNTRY_ID) values ('BGR0001','Sofia',null,1272000,'Y',42.69751,23.32415,null,'BGR');
Insert into TEST.CITIES (CITY_ID,NAME,OFFICIAL_NAME,POPULATION,IS_CAPITAL,LATITUDE,LONGITUDE,TIMEZONE,COUNTRY_ID) values ('BHR0001','Manama',null,565000,'Y',26.22787,50.58565,null,'BHR');
Insert into TEST.CITIES (CITY_ID,NAME,OFFICIAL_NAME,POPULATION,IS_CAPITAL,LATITUDE,LONGITUDE,TIMEZONE,COUNTRY_ID) values ('BDI0001','Bujumbura',null,899000,'Y',-3.39249,29.36169,null,'BDI');
Insert into TEST.CITIES (CITY_ID,NAME,OFFICIAL_NAME,POPULATION,IS_CAPITAL,LATITUDE,LONGITUDE,TIMEZONE,COUNTRY_ID) values ('BEN0001','Porto Novo','Porto-Novo',285000,'Y',6.49646,2.60359,null,'BEN');
Insert into TEST.CITIES (CITY_ID,NAME,OFFICIAL_NAME,POPULATION,IS_CAPITAL,LATITUDE,LONGITUDE,TIMEZONE,COUNTRY_ID) values ('BRN0001','Bandar Seri Begawan',null,241000,'Y',4.89035,114.94006,null,'BRN');
Insert into TEST.CITIES (CITY_ID,NAME,OFFICIAL_NAME,POPULATION,IS_CAPITAL,LATITUDE,LONGITUDE,TIMEZONE,COUNTRY_ID) values ('BOL0001','Sucre',null,278000,'Y',-19.03332,-65.26274,null,'BOL');
Insert into TEST.CITIES (CITY_ID,NAME,OFFICIAL_NAME,POPULATION,IS_CAPITAL,LATITUDE,LONGITUDE,TIMEZONE,COUNTRY_ID) values ('BOL0002','La Paz',null,1814000,'Y',0,0,null,'BOL');
Insert into TEST.CITIES (CITY_ID,NAME,OFFICIAL_NAME,POPULATION,IS_CAPITAL,LATITUDE,LONGITUDE,TIMEZONE,COUNTRY_ID) values ('BRA0001','Brasilia',null,4470000,'Y',-15.77972,-47.92972,null,'BRA');
Insert into TEST.CITIES (CITY_ID,NAME,OFFICIAL_NAME,POPULATION,IS_CAPITAL,LATITUDE,LONGITUDE,TIMEZONE,COUNTRY_ID) values ('BHS0001','Nassau',null,280000,'Y',25.05823,-77.34306,null,'BHS');
Insert into TEST.CITIES (CITY_ID,NAME,OFFICIAL_NAME,POPULATION,IS_CAPITAL,LATITUDE,LONGITUDE,TIMEZONE,COUNTRY_ID) values ('BTN0001','Thimphu',null,203000,'Y',27.46609,89.64191,null,'BTN');
Insert into TEST.CITIES (CITY_ID,NAME,OFFICIAL_NAME,POPULATION,IS_CAPITAL,LATITUDE,LONGITUDE,TIMEZONE,COUNTRY_ID) values ('BWA0001','Gaborone',null,269000,'Y',-24.65451,25.90859,null,'BWA');
Insert into TEST.CITIES (CITY_ID,NAME,OFFICIAL_NAME,POPULATION,IS_CAPITAL,LATITUDE,LONGITUDE,TIMEZONE,COUNTRY_ID) values ('BLR0001','Minsk',null,2005000,'Y',53.9,27.56667,null,'BLR');
Insert into TEST.CITIES (CITY_ID,NAME,OFFICIAL_NAME,POPULATION,IS_CAPITAL,LATITUDE,LONGITUDE,TIMEZONE,COUNTRY_ID) values ('BLZ0001','Belmopan',null,23000,'Y',17.25,-88.76667,null,'BLZ');
Insert into TEST.CITIES (CITY_ID,NAME,OFFICIAL_NAME,POPULATION,IS_CAPITAL,LATITUDE,LONGITUDE,TIMEZONE,COUNTRY_ID) values ('CAN0001','Ottawa',null,1363000,'Y',45.41117,-75.69812,null,'CAN');
Insert into TEST.CITIES (CITY_ID,NAME,OFFICIAL_NAME,POPULATION,IS_CAPITAL,LATITUDE,LONGITUDE,TIMEZONE,COUNTRY_ID) values ('COD0001','Kinshasa',null,13171000,'Y',-4.32758,15.31357,null,'COD');
Insert into TEST.CITIES (CITY_ID,NAME,OFFICIAL_NAME,POPULATION,IS_CAPITAL,LATITUDE,LONGITUDE,TIMEZONE,COUNTRY_ID) values ('CAF0001','Bangui',null,851000,'Y',4.36122,18.55496,null,'CAF');
Insert into TEST.CITIES (CITY_ID,NAME,OFFICIAL_NAME,POPULATION,IS_CAPITAL,LATITUDE,LONGITUDE,TIMEZONE,COUNTRY_ID) values ('COG0001','Brazzaville',null,2230000,'Y',-4.26613,15.28318,null,'COG');
Insert into TEST.CITIES (CITY_ID,NAME,OFFICIAL_NAME,POPULATION,IS_CAPITAL,LATITUDE,LONGITUDE,TIMEZONE,COUNTRY_ID) values ('CHE0001','Bern',null,422000,'Y',46.94809,7.44744,null,'CHE');
Insert into TEST.CITIES (CITY_ID,NAME,OFFICIAL_NAME,POPULATION,IS_CAPITAL,LATITUDE,LONGITUDE,TIMEZONE,COUNTRY_ID) values ('CIV0001','Abidjan',null,4921000,'Y',5.36029,-4.00823,null,'CIV');
Insert into TEST.CITIES (CITY_ID,NAME,OFFICIAL_NAME,POPULATION,IS_CAPITAL,LATITUDE,LONGITUDE,TIMEZONE,COUNTRY_ID) values ('CIV0002','Yamoussoukro',null,231000,'Y',6.82055,-5.27674,null,'CIV');
Insert into TEST.CITIES (CITY_ID,NAME,OFFICIAL_NAME,POPULATION,IS_CAPITAL,LATITUDE,LONGITUDE,TIMEZONE,COUNTRY_ID) values ('CHL0001','Santiago',null,6680000,'Y',-33.45694,-70.64827,null,'CHL');
Insert into TEST.CITIES (CITY_ID,NAME,OFFICIAL_NAME,POPULATION,IS_CAPITAL,LATITUDE,LONGITUDE,TIMEZONE,COUNTRY_ID) values ('CMR0001','Yaounde','Yaoundé',3412000,'Y',3.86667,11.51667,null,'CMR');
Insert into TEST.CITIES (CITY_ID,NAME,OFFICIAL_NAME,POPULATION,IS_CAPITAL,LATITUDE,LONGITUDE,TIMEZONE,COUNTRY_ID) values ('CHN0001','Beijing',null,19618000,'Y',39.9075,116.39723,null,'CHN');
Insert into TEST.CITIES (CITY_ID,NAME,OFFICIAL_NAME,POPULATION,IS_CAPITAL,LATITUDE,LONGITUDE,TIMEZONE,COUNTRY_ID) values ('COL0001','Bogota','Bogotá',10574000,'Y',4.60971,-74.08175,null,'COL');
Insert into TEST.CITIES (CITY_ID,NAME,OFFICIAL_NAME,POPULATION,IS_CAPITAL,LATITUDE,LONGITUDE,TIMEZONE,COUNTRY_ID) values ('CRI0001','San Jose','San José',1358000,'Y',9.93333,-84.08333,null,'CRI');
Insert into TEST.CITIES (CITY_ID,NAME,OFFICIAL_NAME,POPULATION,IS_CAPITAL,LATITUDE,LONGITUDE,TIMEZONE,COUNTRY_ID) values ('CUB0001','Havana',null,2136000,'Y',23.13302,-82.38304,null,'CUB');
Insert into TEST.CITIES (CITY_ID,NAME,OFFICIAL_NAME,POPULATION,IS_CAPITAL,LATITUDE,LONGITUDE,TIMEZONE,COUNTRY_ID) values ('CPV0001','Praia',null,168000,'Y',14.93152,-23.51254,null,'CPV');
Insert into TEST.CITIES (CITY_ID,NAME,OFFICIAL_NAME,POPULATION,IS_CAPITAL,LATITUDE,LONGITUDE,TIMEZONE,COUNTRY_ID) values ('CYP0001','Nicosia',null,269000,'Y',35.17531,33.3642,null,'CYP');
Insert into TEST.CITIES (CITY_ID,NAME,OFFICIAL_NAME,POPULATION,IS_CAPITAL,LATITUDE,LONGITUDE,TIMEZONE,COUNTRY_ID) values ('CZE0001','Prague',null,1292000,'Y',50.08804,14.42076,null,'CZE');
Insert into TEST.CITIES (CITY_ID,NAME,OFFICIAL_NAME,POPULATION,IS_CAPITAL,LATITUDE,LONGITUDE,TIMEZONE,COUNTRY_ID) values ('DEU0001','Berlin',null,3563000,'Y',52.52437,13.41053,null,'DEU');
Insert into TEST.CITIES (CITY_ID,NAME,OFFICIAL_NAME,POPULATION,IS_CAPITAL,LATITUDE,LONGITUDE,TIMEZONE,COUNTRY_ID) values ('DJI0001','Djibouti',null,562000,'Y',11.58901,43.14503,null,'DJI');
Insert into TEST.CITIES (CITY_ID,NAME,OFFICIAL_NAME,POPULATION,IS_CAPITAL,LATITUDE,LONGITUDE,TIMEZONE,COUNTRY_ID) values ('DNK0001','Copenhagen',null,1321000,'Y',55.67594,12.56553,null,'DNK');
Insert into TEST.CITIES (CITY_ID,NAME,OFFICIAL_NAME,POPULATION,IS_CAPITAL,LATITUDE,LONGITUDE,TIMEZONE,COUNTRY_ID) values ('DMA0001','Roseau',null,15000,'Y',15.30174,-61.38808,null,'DMA');
Insert into TEST.CITIES (CITY_ID,NAME,OFFICIAL_NAME,POPULATION,IS_CAPITAL,LATITUDE,LONGITUDE,TIMEZONE,COUNTRY_ID) values ('DOM0001','Santo Domingo',null,3172000,'Y',18.47186,-69.89232,null,'DOM');
Insert into TEST.CITIES (CITY_ID,NAME,OFFICIAL_NAME,POPULATION,IS_CAPITAL,LATITUDE,LONGITUDE,TIMEZONE,COUNTRY_ID) values ('DZA0001','Algiers',null,2694000,'Y',36.73225,3.08746,null,'DZA');
Insert into TEST.CITIES (CITY_ID,NAME,OFFICIAL_NAME,POPULATION,IS_CAPITAL,LATITUDE,LONGITUDE,TIMEZONE,COUNTRY_ID) values ('ECU0001','Quito',null,1822000,'Y',-0.22985,-78.52495,null,'ECU');
Insert into TEST.CITIES (CITY_ID,NAME,OFFICIAL_NAME,POPULATION,IS_CAPITAL,LATITUDE,LONGITUDE,TIMEZONE,COUNTRY_ID) values ('EST0001','Tallinn',null,437000,'Y',59.43696,24.75353,null,'EST');
Insert into TEST.CITIES (CITY_ID,NAME,OFFICIAL_NAME,POPULATION,IS_CAPITAL,LATITUDE,LONGITUDE,TIMEZONE,COUNTRY_ID) values ('EGY0001','Cairo',null,20076000,'Y',30.04442,31.23571,null,'EGY');
Insert into TEST.CITIES (CITY_ID,NAME,OFFICIAL_NAME,POPULATION,IS_CAPITAL,LATITUDE,LONGITUDE,TIMEZONE,COUNTRY_ID) values ('ERI0001','Asmara',null,896000,'Y',15.33805,38.93184,null,'ERI');
Insert into TEST.CITIES (CITY_ID,NAME,OFFICIAL_NAME,POPULATION,IS_CAPITAL,LATITUDE,LONGITUDE,TIMEZONE,COUNTRY_ID) values ('ESP0001','Madrid',null,6497000,'Y',40.4165,-3.70256,null,'ESP');
Insert into TEST.CITIES (CITY_ID,NAME,OFFICIAL_NAME,POPULATION,IS_CAPITAL,LATITUDE,LONGITUDE,TIMEZONE,COUNTRY_ID) values ('ETH0001','Addis Ababa',null,4400000,'Y',9.02497,38.74689,null,'ETH');
Insert into TEST.CITIES (CITY_ID,NAME,OFFICIAL_NAME,POPULATION,IS_CAPITAL,LATITUDE,LONGITUDE,TIMEZONE,COUNTRY_ID) values ('FIN0001','Helsinki',null,1279000,'Y',60.16952,24.93545,null,'FIN');
Insert into TEST.CITIES (CITY_ID,NAME,OFFICIAL_NAME,POPULATION,IS_CAPITAL,LATITUDE,LONGITUDE,TIMEZONE,COUNTRY_ID) values ('FJI0001','Suva',null,178000,'Y',-18.14161,178.44149,null,'FJI');
Insert into TEST.CITIES (CITY_ID,NAME,OFFICIAL_NAME,POPULATION,IS_CAPITAL,LATITUDE,LONGITUDE,TIMEZONE,COUNTRY_ID) values ('FSM0001','Palikir',null,7000,'Y',6.92444,158.16066,null,'FSM');
Insert into TEST.CITIES (CITY_ID,NAME,OFFICIAL_NAME,POPULATION,IS_CAPITAL,LATITUDE,LONGITUDE,TIMEZONE,COUNTRY_ID) values ('FRA0001','Paris',null,10901000,'Y',48.85341,2.3488,null,'FRA');
Insert into TEST.CITIES (CITY_ID,NAME,OFFICIAL_NAME,POPULATION,IS_CAPITAL,LATITUDE,LONGITUDE,TIMEZONE,COUNTRY_ID) values ('GAB0001','Libreville',null,813000,'Y',0.39241,9.45356,null,'GAB');
Insert into TEST.CITIES (CITY_ID,NAME,OFFICIAL_NAME,POPULATION,IS_CAPITAL,LATITUDE,LONGITUDE,TIMEZONE,COUNTRY_ID) values ('GBR0001','London',null,9046000,'Y',51.50853,-0.12574,null,'GBR');
Insert into TEST.CITIES (CITY_ID,NAME,OFFICIAL_NAME,POPULATION,IS_CAPITAL,LATITUDE,LONGITUDE,TIMEZONE,COUNTRY_ID) values ('GRD0001','Saint George''s',null,39000,'Y',12.05288,-61.75226,null,'GRD');
Insert into TEST.CITIES (CITY_ID,NAME,OFFICIAL_NAME,POPULATION,IS_CAPITAL,LATITUDE,LONGITUDE,TIMEZONE,COUNTRY_ID) values ('GEO0001','Tbilisi',null,1077000,'Y',41.69411,44.83368,null,'GEO');
Insert into TEST.CITIES (CITY_ID,NAME,OFFICIAL_NAME,POPULATION,IS_CAPITAL,LATITUDE,LONGITUDE,TIMEZONE,COUNTRY_ID) values ('GHA0001','Accra',null,2439000,'Y',5.55602,-0.1969,null,'GHA');
Insert into TEST.CITIES (CITY_ID,NAME,OFFICIAL_NAME,POPULATION,IS_CAPITAL,LATITUDE,LONGITUDE,TIMEZONE,COUNTRY_ID) values ('GMB0001','Banjul',null,437000,'Y',13.45274,-16.57803,null,'GMB');
Insert into TEST.CITIES (CITY_ID,NAME,OFFICIAL_NAME,POPULATION,IS_CAPITAL,LATITUDE,LONGITUDE,TIMEZONE,COUNTRY_ID) values ('GIN0001','Conakry',null,1843000,'Y',9.53795,-13.67729,null,'GIN');
Insert into TEST.CITIES (CITY_ID,NAME,OFFICIAL_NAME,POPULATION,IS_CAPITAL,LATITUDE,LONGITUDE,TIMEZONE,COUNTRY_ID) values ('GNQ0001','Malabo',null,297000,'Y',3.75578,8.78166,null,'GNQ');
Insert into TEST.CITIES (CITY_ID,NAME,OFFICIAL_NAME,POPULATION,IS_CAPITAL,LATITUDE,LONGITUDE,TIMEZONE,COUNTRY_ID) values ('GRC0001','Athens',null,3156000,'Y',37.98376,23.72784,null,'GRC');
Insert into TEST.CITIES (CITY_ID,NAME,OFFICIAL_NAME,POPULATION,IS_CAPITAL,LATITUDE,LONGITUDE,TIMEZONE,COUNTRY_ID) values ('GTM0001','Guatemala City',null,2851000,'Y',14.64072,-90.51327,null,'GTM');
Insert into TEST.CITIES (CITY_ID,NAME,OFFICIAL_NAME,POPULATION,IS_CAPITAL,LATITUDE,LONGITUDE,TIMEZONE,COUNTRY_ID) values ('GNB0001','Bissau',null,558000,'Y',11.86357,-15.59767,null,'GNB');
Insert into TEST.CITIES (CITY_ID,NAME,OFFICIAL_NAME,POPULATION,IS_CAPITAL,LATITUDE,LONGITUDE,TIMEZONE,COUNTRY_ID) values ('GUY0001','Georgetown',null,110000,'Y',6.80448,-58.15527,null,'GUY');
Insert into TEST.CITIES (CITY_ID,NAME,OFFICIAL_NAME,POPULATION,IS_CAPITAL,LATITUDE,LONGITUDE,TIMEZONE,COUNTRY_ID) values ('HND0001','Tegucigalpa',null,1363000,'Y',14.0818,-87.20681,null,'HND');
Insert into TEST.CITIES (CITY_ID,NAME,OFFICIAL_NAME,POPULATION,IS_CAPITAL,LATITUDE,LONGITUDE,TIMEZONE,COUNTRY_ID) values ('HRV0001','Zagreb',null,686000,'Y',45.81444,15.97798,null,'HRV');
Insert into TEST.CITIES (CITY_ID,NAME,OFFICIAL_NAME,POPULATION,IS_CAPITAL,LATITUDE,LONGITUDE,TIMEZONE,COUNTRY_ID) values ('HTI0001','Port au Prince','Port-au-Prince',2637000,'Y',18.54349,-72.33881,null,'HTI');
Insert into TEST.CITIES (CITY_ID,NAME,OFFICIAL_NAME,POPULATION,IS_CAPITAL,LATITUDE,LONGITUDE,TIMEZONE,COUNTRY_ID) values ('HUN0001','Budapest',null,1759000,'Y',47.49835,19.04045,null,'HUN');
Insert into TEST.CITIES (CITY_ID,NAME,OFFICIAL_NAME,POPULATION,IS_CAPITAL,LATITUDE,LONGITUDE,TIMEZONE,COUNTRY_ID) values ('IDN0001','Jakarta',null,10517000,'Y',-6.21462,106.84513,null,'IDN');
Insert into TEST.CITIES (CITY_ID,NAME,OFFICIAL_NAME,POPULATION,IS_CAPITAL,LATITUDE,LONGITUDE,TIMEZONE,COUNTRY_ID) values ('IRL0001','Dublin',null,1201000,'Y',53.33306,-6.24889,null,'IRL');
Insert into TEST.CITIES (CITY_ID,NAME,OFFICIAL_NAME,POPULATION,IS_CAPITAL,LATITUDE,LONGITUDE,TIMEZONE,COUNTRY_ID) values ('ISR0001','Jerusalem',null,907000,'Y',31.76831,35.21371,null,'ISR');
Insert into TEST.CITIES (CITY_ID,NAME,OFFICIAL_NAME,POPULATION,IS_CAPITAL,LATITUDE,LONGITUDE,TIMEZONE,COUNTRY_ID) values ('IND0001','New Delhi',null,28514000,'Y',28.63576,77.22445,null,'IND');
Insert into TEST.CITIES (CITY_ID,NAME,OFFICIAL_NAME,POPULATION,IS_CAPITAL,LATITUDE,LONGITUDE,TIMEZONE,COUNTRY_ID) values ('IRQ0001','Baghdad',null,6643000,'Y',33.34058,44.40088,null,'IRQ');
Insert into TEST.CITIES (CITY_ID,NAME,OFFICIAL_NAME,POPULATION,IS_CAPITAL,LATITUDE,LONGITUDE,TIMEZONE,COUNTRY_ID) values ('IRN0001','Tehran',null,8896000,'Y',35.69439,51.42151,null,'IRN');
Insert into TEST.CITIES (CITY_ID,NAME,OFFICIAL_NAME,POPULATION,IS_CAPITAL,LATITUDE,LONGITUDE,TIMEZONE,COUNTRY_ID) values ('ISL0001','Reykjavik','Reykjavík',216000,'Y',64.13548,-21.89541,null,'ISL');
Insert into TEST.CITIES (CITY_ID,NAME,OFFICIAL_NAME,POPULATION,IS_CAPITAL,LATITUDE,LONGITUDE,TIMEZONE,COUNTRY_ID) values ('ITA0001','Rome',null,4210000,'Y',41.89193,12.51133,null,'ITA');
Insert into TEST.CITIES (CITY_ID,NAME,OFFICIAL_NAME,POPULATION,IS_CAPITAL,LATITUDE,LONGITUDE,TIMEZONE,COUNTRY_ID) values ('JAM0001','Kingston',null,589000,'Y',17.99702,-76.79358,null,'JAM');
Insert into TEST.CITIES (CITY_ID,NAME,OFFICIAL_NAME,POPULATION,IS_CAPITAL,LATITUDE,LONGITUDE,TIMEZONE,COUNTRY_ID) values ('JOR0001','Amman',null,2065000,'Y',31.95522,35.94503,null,'JOR');
Insert into TEST.CITIES (CITY_ID,NAME,OFFICIAL_NAME,POPULATION,IS_CAPITAL,LATITUDE,LONGITUDE,TIMEZONE,COUNTRY_ID) values ('JPN0001','Tokyo',null,37468000,'Y',35.6895,139.69171,null,'JPN');
Insert into TEST.CITIES (CITY_ID,NAME,OFFICIAL_NAME,POPULATION,IS_CAPITAL,LATITUDE,LONGITUDE,TIMEZONE,COUNTRY_ID) values ('KEN0001','Nairobi',null,4386000,'Y',-1.28333,36.81667,null,'KEN');
Insert into TEST.CITIES (CITY_ID,NAME,OFFICIAL_NAME,POPULATION,IS_CAPITAL,LATITUDE,LONGITUDE,TIMEZONE,COUNTRY_ID) values ('KGZ0001','Bishkek',null,996000,'Y',42.87,74.59,null,'KGZ');
Insert into TEST.CITIES (CITY_ID,NAME,OFFICIAL_NAME,POPULATION,IS_CAPITAL,LATITUDE,LONGITUDE,TIMEZONE,COUNTRY_ID) values ('KHM0001','Phnom Penh',null,1952000,'Y',11.56245,104.91601,null,'KHM');
Insert into TEST.CITIES (CITY_ID,NAME,OFFICIAL_NAME,POPULATION,IS_CAPITAL,LATITUDE,LONGITUDE,TIMEZONE,COUNTRY_ID) values ('KIR0001','Tarawa',null,64000,'Y',1.3278,172.97696,null,'KIR');
Insert into TEST.CITIES (CITY_ID,NAME,OFFICIAL_NAME,POPULATION,IS_CAPITAL,LATITUDE,LONGITUDE,TIMEZONE,COUNTRY_ID) values ('COM0001','Moroni',null,62000,'Y',-11.70216,43.25506,null,'COM');
Insert into TEST.CITIES (CITY_ID,NAME,OFFICIAL_NAME,POPULATION,IS_CAPITAL,LATITUDE,LONGITUDE,TIMEZONE,COUNTRY_ID) values ('KNA0001','Basseterre',null,14000,'Y',17.2955,-62.72499,null,'KNA');
Insert into TEST.CITIES (CITY_ID,NAME,OFFICIAL_NAME,POPULATION,IS_CAPITAL,LATITUDE,LONGITUDE,TIMEZONE,COUNTRY_ID) values ('PRK0001','Pyongyang',null,3038000,'Y',39.03385,125.75432,null,'PRK');
Insert into TEST.CITIES (CITY_ID,NAME,OFFICIAL_NAME,POPULATION,IS_CAPITAL,LATITUDE,LONGITUDE,TIMEZONE,COUNTRY_ID) values ('KOR0001','Seoul',null,9963000,'Y',37.566,126.9784,null,'KOR');
Insert into TEST.CITIES (CITY_ID,NAME,OFFICIAL_NAME,POPULATION,IS_CAPITAL,LATITUDE,LONGITUDE,TIMEZONE,COUNTRY_ID) values ('KWT0001','Kuwait City',null,2989000,'Y',29.36972,47.97833,null,'KWT');
Insert into TEST.CITIES (CITY_ID,NAME,OFFICIAL_NAME,POPULATION,IS_CAPITAL,LATITUDE,LONGITUDE,TIMEZONE,COUNTRY_ID) values ('KAZ0001','Nur Sultan','Nur-Sultan',1068000,'Y',51.1801,71.44598,null,'KAZ');
Insert into TEST.CITIES (CITY_ID,NAME,OFFICIAL_NAME,POPULATION,IS_CAPITAL,LATITUDE,LONGITUDE,TIMEZONE,COUNTRY_ID) values ('LAO0001','Vientiane',null,665000,'Y',17.96667,102.6,null,'LAO');
Insert into TEST.CITIES (CITY_ID,NAME,OFFICIAL_NAME,POPULATION,IS_CAPITAL,LATITUDE,LONGITUDE,TIMEZONE,COUNTRY_ID) values ('LBN0001','Beirut',null,2385000,'Y',33.89332,35.50157,null,'LBN');
Insert into TEST.CITIES (CITY_ID,NAME,OFFICIAL_NAME,POPULATION,IS_CAPITAL,LATITUDE,LONGITUDE,TIMEZONE,COUNTRY_ID) values ('LCA0001','Castries',null,22000,'Y',13.9957,-61.00614,null,'LCA');
Insert into TEST.CITIES (CITY_ID,NAME,OFFICIAL_NAME,POPULATION,IS_CAPITAL,LATITUDE,LONGITUDE,TIMEZONE,COUNTRY_ID) values ('LIE0001','Vaduz',null,5000,'Y',47.14151,9.52154,null,'LIE');
Insert into TEST.CITIES (CITY_ID,NAME,OFFICIAL_NAME,POPULATION,IS_CAPITAL,LATITUDE,LONGITUDE,TIMEZONE,COUNTRY_ID) values ('LKA0001','Colombo',null,600000,'Y',6.93548,79.84868,null,'LKA');
Insert into TEST.CITIES (CITY_ID,NAME,OFFICIAL_NAME,POPULATION,IS_CAPITAL,LATITUDE,LONGITUDE,TIMEZONE,COUNTRY_ID) values ('LKA0002','Sri Jayewardenepura Kotte',null,103000,'Y',6.88682,79.91878,null,'LKA');
Insert into TEST.CITIES (CITY_ID,NAME,OFFICIAL_NAME,POPULATION,IS_CAPITAL,LATITUDE,LONGITUDE,TIMEZONE,COUNTRY_ID) values ('LBR0001','Monrovia',null,1418000,'Y',6.30054,-10.7969,null,'LBR');
Insert into TEST.CITIES (CITY_ID,NAME,OFFICIAL_NAME,POPULATION,IS_CAPITAL,LATITUDE,LONGITUDE,TIMEZONE,COUNTRY_ID) values ('LSO0001','Maseru',null,202000,'Y',-29.31667,27.48333,null,'LSO');
Insert into TEST.CITIES (CITY_ID,NAME,OFFICIAL_NAME,POPULATION,IS_CAPITAL,LATITUDE,LONGITUDE,TIMEZONE,COUNTRY_ID) values ('LTU0001','Vilnius',null,536000,'Y',54.68916,25.2798,null,'LTU');
Insert into TEST.CITIES (CITY_ID,NAME,OFFICIAL_NAME,POPULATION,IS_CAPITAL,LATITUDE,LONGITUDE,TIMEZONE,COUNTRY_ID) values ('LUX0001','Luxembourg',null,120000,'Y',49.61167,6.13,null,'LUX');
Insert into TEST.CITIES (CITY_ID,NAME,OFFICIAL_NAME,POPULATION,IS_CAPITAL,LATITUDE,LONGITUDE,TIMEZONE,COUNTRY_ID) values ('LVA0001','Riga',null,637000,'Y',56.946,24.10589,null,'LVA');
Insert into TEST.CITIES (CITY_ID,NAME,OFFICIAL_NAME,POPULATION,IS_CAPITAL,LATITUDE,LONGITUDE,TIMEZONE,COUNTRY_ID) values ('LBY0001','Tripoli',null,1158000,'Y',32.88743,13.18733,null,'LBY');
Insert into TEST.CITIES (CITY_ID,NAME,OFFICIAL_NAME,POPULATION,IS_CAPITAL,LATITUDE,LONGITUDE,TIMEZONE,COUNTRY_ID) values ('MAR0001','Rabat',null,1847000,'Y',34.01325,-6.83255,null,'MAR');
Insert into TEST.CITIES (CITY_ID,NAME,OFFICIAL_NAME,POPULATION,IS_CAPITAL,LATITUDE,LONGITUDE,TIMEZONE,COUNTRY_ID) values ('MCO0001','Monaco',null,38000,'Y',43.73333,7.41667,null,'MCO');
Insert into TEST.CITIES (CITY_ID,NAME,OFFICIAL_NAME,POPULATION,IS_CAPITAL,LATITUDE,LONGITUDE,TIMEZONE,COUNTRY_ID) values ('MDA0001','Chisinau','Chişinău',510000,'Y',47.00556,28.8575,null,'MDA');
Insert into TEST.CITIES (CITY_ID,NAME,OFFICIAL_NAME,POPULATION,IS_CAPITAL,LATITUDE,LONGITUDE,TIMEZONE,COUNTRY_ID) values ('MNE0001','Podgorica',null,177000,'Y',42.44111,19.26361,null,'MNE');
Insert into TEST.CITIES (CITY_ID,NAME,OFFICIAL_NAME,POPULATION,IS_CAPITAL,LATITUDE,LONGITUDE,TIMEZONE,COUNTRY_ID) values ('MDG0001','Antananarivo',null,3058000,'Y',-18.91368,47.53613,null,'MDG');
Insert into TEST.CITIES (CITY_ID,NAME,OFFICIAL_NAME,POPULATION,IS_CAPITAL,LATITUDE,LONGITUDE,TIMEZONE,COUNTRY_ID) values ('MHL0001','Majuro',null,31000,'Y',7.08971,171.38027,null,'MHL');
Insert into TEST.CITIES (CITY_ID,NAME,OFFICIAL_NAME,POPULATION,IS_CAPITAL,LATITUDE,LONGITUDE,TIMEZONE,COUNTRY_ID) values ('MKD0001','Skopje',null,584000,'Y',41.99646,21.43141,null,'MKD');
Insert into TEST.CITIES (CITY_ID,NAME,OFFICIAL_NAME,POPULATION,IS_CAPITAL,LATITUDE,LONGITUDE,TIMEZONE,COUNTRY_ID) values ('MLI0001','Bamako',null,2447000,'Y',12.65,-8,null,'MLI');
Insert into TEST.CITIES (CITY_ID,NAME,OFFICIAL_NAME,POPULATION,IS_CAPITAL,LATITUDE,LONGITUDE,TIMEZONE,COUNTRY_ID) values ('MMR0001','Nay Pyi Taw',null,1176000,'Y',19.745,96.12972,null,'MMR');
Insert into TEST.CITIES (CITY_ID,NAME,OFFICIAL_NAME,POPULATION,IS_CAPITAL,LATITUDE,LONGITUDE,TIMEZONE,COUNTRY_ID) values ('MNG0001','Ulaanbaatar',null,1520000,'Y',47.92065,106.91731,null,'MNG');
Insert into TEST.CITIES (CITY_ID,NAME,OFFICIAL_NAME,POPULATION,IS_CAPITAL,LATITUDE,LONGITUDE,TIMEZONE,COUNTRY_ID) values ('MRT0001','Nouakchott',null,1205000,'Y',18.08581,-15.9785,null,'MRT');
Insert into TEST.CITIES (CITY_ID,NAME,OFFICIAL_NAME,POPULATION,IS_CAPITAL,LATITUDE,LONGITUDE,TIMEZONE,COUNTRY_ID) values ('MLT0001','Valletta',null,213000,'Y',35.89968,14.5148,null,'MLT');
Insert into TEST.CITIES (CITY_ID,NAME,OFFICIAL_NAME,POPULATION,IS_CAPITAL,LATITUDE,LONGITUDE,TIMEZONE,COUNTRY_ID) values ('MUS0001','Port Louis',null,149000,'Y',-20.16194,57.49889,null,'MUS');
Insert into TEST.CITIES (CITY_ID,NAME,OFFICIAL_NAME,POPULATION,IS_CAPITAL,LATITUDE,LONGITUDE,TIMEZONE,COUNTRY_ID) values ('MDV0001','Male',null,177000,'Y',4.17521,73.50916,null,'MDV');
Insert into TEST.CITIES (CITY_ID,NAME,OFFICIAL_NAME,POPULATION,IS_CAPITAL,LATITUDE,LONGITUDE,TIMEZONE,COUNTRY_ID) values ('MWI0001','Lilongwe',null,1030000,'Y',-13.96692,33.78725,null,'MWI');
Insert into TEST.CITIES (CITY_ID,NAME,OFFICIAL_NAME,POPULATION,IS_CAPITAL,LATITUDE,LONGITUDE,TIMEZONE,COUNTRY_ID) values ('MEX0001','Mexico City',null,21581000,'Y',19.42847,-99.12766,null,'MEX');
Insert into TEST.CITIES (CITY_ID,NAME,OFFICIAL_NAME,POPULATION,IS_CAPITAL,LATITUDE,LONGITUDE,TIMEZONE,COUNTRY_ID) values ('MYS0001','Kuala Lumpur',null,7564000,'Y',3.1412,101.68653,null,'MYS');
Insert into TEST.CITIES (CITY_ID,NAME,OFFICIAL_NAME,POPULATION,IS_CAPITAL,LATITUDE,LONGITUDE,TIMEZONE,COUNTRY_ID) values ('MOZ0001','Maputo',null,1102000,'Y',-25.96553,32.58322,null,'MOZ');
Insert into TEST.CITIES (CITY_ID,NAME,OFFICIAL_NAME,POPULATION,IS_CAPITAL,LATITUDE,LONGITUDE,TIMEZONE,COUNTRY_ID) values ('NAM0001','Windhoek',null,404000,'Y',-22.55941,17.08323,null,'NAM');
Insert into TEST.CITIES (CITY_ID,NAME,OFFICIAL_NAME,POPULATION,IS_CAPITAL,LATITUDE,LONGITUDE,TIMEZONE,COUNTRY_ID) values ('NER0001','Niamey',null,1214000,'Y',13.51366,2.1098,null,'NER');
Insert into TEST.CITIES (CITY_ID,NAME,OFFICIAL_NAME,POPULATION,IS_CAPITAL,LATITUDE,LONGITUDE,TIMEZONE,COUNTRY_ID) values ('NGA0001','Abuja',null,2919000,'Y',9.05785,7.49508,null,'NGA');
Insert into TEST.CITIES (CITY_ID,NAME,OFFICIAL_NAME,POPULATION,IS_CAPITAL,LATITUDE,LONGITUDE,TIMEZONE,COUNTRY_ID) values ('NIC0001','Managua',null,1048000,'Y',12.13282,-86.2504,null,'NIC');
Insert into TEST.CITIES (CITY_ID,NAME,OFFICIAL_NAME,POPULATION,IS_CAPITAL,LATITUDE,LONGITUDE,TIMEZONE,COUNTRY_ID) values ('NLD0001','Amsterdam',null,1132000,'Y',52.37403,4.88969,null,'NLD');
Insert into TEST.CITIES (CITY_ID,NAME,OFFICIAL_NAME,POPULATION,IS_CAPITAL,LATITUDE,LONGITUDE,TIMEZONE,COUNTRY_ID) values ('NLD0002','The Hague',null,685000,'Y',52.08009,4.31375,null,'NLD');
Insert into TEST.CITIES (CITY_ID,NAME,OFFICIAL_NAME,POPULATION,IS_CAPITAL,LATITUDE,LONGITUDE,TIMEZONE,COUNTRY_ID) values ('NOR0001','Oslo',null,1012000,'Y',59.91273,10.74609,null,'NOR');
Insert into TEST.CITIES (CITY_ID,NAME,OFFICIAL_NAME,POPULATION,IS_CAPITAL,LATITUDE,LONGITUDE,TIMEZONE,COUNTRY_ID) values ('NPL0001','Kathmandu',null,1330000,'Y',27.70169,85.3206,null,'NPL');
Insert into TEST.CITIES (CITY_ID,NAME,OFFICIAL_NAME,POPULATION,IS_CAPITAL,LATITUDE,LONGITUDE,TIMEZONE,COUNTRY_ID) values ('NRU0001','Yaren',null,1000,'Y',-0.55085,166.9252,null,'NRU');
Insert into TEST.CITIES (CITY_ID,NAME,OFFICIAL_NAME,POPULATION,IS_CAPITAL,LATITUDE,LONGITUDE,TIMEZONE,COUNTRY_ID) values ('NZL0001','Wellington',null,411000,'Y',-41.28664,174.77557,null,'NZL');
Insert into TEST.CITIES (CITY_ID,NAME,OFFICIAL_NAME,POPULATION,IS_CAPITAL,LATITUDE,LONGITUDE,TIMEZONE,COUNTRY_ID) values ('OMN0001','Muscat',null,1447000,'Y',23.58413,58.40778,null,'OMN');
Insert into TEST.CITIES (CITY_ID,NAME,OFFICIAL_NAME,POPULATION,IS_CAPITAL,LATITUDE,LONGITUDE,TIMEZONE,COUNTRY_ID) values ('PAN0001','Panama City',null,1783000,'Y',30.15881,-85.66021,null,'PAN');
Insert into TEST.CITIES (CITY_ID,NAME,OFFICIAL_NAME,POPULATION,IS_CAPITAL,LATITUDE,LONGITUDE,TIMEZONE,COUNTRY_ID) values ('PER0001','Lima',null,10391000,'Y',-12.04318,-77.02824,null,'PER');
Insert into TEST.CITIES (CITY_ID,NAME,OFFICIAL_NAME,POPULATION,IS_CAPITAL,LATITUDE,LONGITUDE,TIMEZONE,COUNTRY_ID) values ('PNG0001','Port Moresby',null,367000,'Y',-9.47723,147.15089,null,'PNG');
Insert into TEST.CITIES (CITY_ID,NAME,OFFICIAL_NAME,POPULATION,IS_CAPITAL,LATITUDE,LONGITUDE,TIMEZONE,COUNTRY_ID) values ('PHL0001','Manila',null,13482000,'Y',14.6042,120.9822,null,'PHL');
Insert into TEST.CITIES (CITY_ID,NAME,OFFICIAL_NAME,POPULATION,IS_CAPITAL,LATITUDE,LONGITUDE,TIMEZONE,COUNTRY_ID) values ('PAK0001','Islamabad',null,1061000,'Y',33.72148,73.04329,null,'PAK');
Insert into TEST.CITIES (CITY_ID,NAME,OFFICIAL_NAME,POPULATION,IS_CAPITAL,LATITUDE,LONGITUDE,TIMEZONE,COUNTRY_ID) values ('POL0001','Warsaw',null,1768000,'Y',52.22977,21.01178,null,'POL');
Insert into TEST.CITIES (CITY_ID,NAME,OFFICIAL_NAME,POPULATION,IS_CAPITAL,LATITUDE,LONGITUDE,TIMEZONE,COUNTRY_ID) values ('PRT0001','Lisbon',null,2927000,'Y',38.71667,-9.13333,null,'PRT');
Insert into TEST.CITIES (CITY_ID,NAME,OFFICIAL_NAME,POPULATION,IS_CAPITAL,LATITUDE,LONGITUDE,TIMEZONE,COUNTRY_ID) values ('PLW0001','Melekeok',null,299,'Y',7.49244,134.63632,null,'PLW');
Insert into TEST.CITIES (CITY_ID,NAME,OFFICIAL_NAME,POPULATION,IS_CAPITAL,LATITUDE,LONGITUDE,TIMEZONE,COUNTRY_ID) values ('PRY0001','Asuncion','Asunción',3222000,'Y',-25.28646,-57.647,null,'PRY');
Insert into TEST.CITIES (CITY_ID,NAME,OFFICIAL_NAME,POPULATION,IS_CAPITAL,LATITUDE,LONGITUDE,TIMEZONE,COUNTRY_ID) values ('QAT0001','Doha',null,633000,'Y',25.28545,51.53096,null,'QAT');
Insert into TEST.CITIES (CITY_ID,NAME,OFFICIAL_NAME,POPULATION,IS_CAPITAL,LATITUDE,LONGITUDE,TIMEZONE,COUNTRY_ID) values ('ROU0001','Bucharest',null,1821000,'Y',44.43225,26.10626,null,'ROU');
Insert into TEST.CITIES (CITY_ID,NAME,OFFICIAL_NAME,POPULATION,IS_CAPITAL,LATITUDE,LONGITUDE,TIMEZONE,COUNTRY_ID) values ('SRB0001','Belgrade',null,1389000,'Y',44.80401,20.46513,null,'SRB');
Insert into TEST.CITIES (CITY_ID,NAME,OFFICIAL_NAME,POPULATION,IS_CAPITAL,LATITUDE,LONGITUDE,TIMEZONE,COUNTRY_ID) values ('RUS0001','Moscow',null,12410000,'Y',55.75222,37.61556,null,'RUS');
Insert into TEST.CITIES (CITY_ID,NAME,OFFICIAL_NAME,POPULATION,IS_CAPITAL,LATITUDE,LONGITUDE,TIMEZONE,COUNTRY_ID) values ('RWA0001','Kigali',null,1058000,'Y',-1.94995,30.05885,null,'RWA');
Insert into TEST.CITIES (CITY_ID,NAME,OFFICIAL_NAME,POPULATION,IS_CAPITAL,LATITUDE,LONGITUDE,TIMEZONE,COUNTRY_ID) values ('SAU0001','Riyadh',null,6907000,'Y',24.68773,46.72185,null,'SAU');
Insert into TEST.CITIES (CITY_ID,NAME,OFFICIAL_NAME,POPULATION,IS_CAPITAL,LATITUDE,LONGITUDE,TIMEZONE,COUNTRY_ID) values ('SLB0001','Honiara',null,82000,'Y',-9.43333,159.95,null,'SLB');
Insert into TEST.CITIES (CITY_ID,NAME,OFFICIAL_NAME,POPULATION,IS_CAPITAL,LATITUDE,LONGITUDE,TIMEZONE,COUNTRY_ID) values ('SYC0001','Victoria',null,28000,'Y',-4.62001,55.45501,null,'SYC');
Insert into TEST.CITIES (CITY_ID,NAME,OFFICIAL_NAME,POPULATION,IS_CAPITAL,LATITUDE,LONGITUDE,TIMEZONE,COUNTRY_ID) values ('SDN0001','Khartoum',null,5534000,'Y',15.55177,32.53241,null,'SDN');
Insert into TEST.CITIES (CITY_ID,NAME,OFFICIAL_NAME,POPULATION,IS_CAPITAL,LATITUDE,LONGITUDE,TIMEZONE,COUNTRY_ID) values ('SWE0001','Stockholm',null,1583000,'Y',59.32938,18.06871,null,'SWE');
Insert into TEST.CITIES (CITY_ID,NAME,OFFICIAL_NAME,POPULATION,IS_CAPITAL,LATITUDE,LONGITUDE,TIMEZONE,COUNTRY_ID) values ('SGP0001','Singapore',null,5792000,'Y',1.28967,103.85007,null,'SGP');
Insert into TEST.CITIES (CITY_ID,NAME,OFFICIAL_NAME,POPULATION,IS_CAPITAL,LATITUDE,LONGITUDE,TIMEZONE,COUNTRY_ID) values ('SVN0001','Ljubljana',null,286000,'Y',46.05108,14.50513,null,'SVN');
Insert into TEST.CITIES (CITY_ID,NAME,OFFICIAL_NAME,POPULATION,IS_CAPITAL,LATITUDE,LONGITUDE,TIMEZONE,COUNTRY_ID) values ('SVK0001','Bratislava',null,430000,'Y',48.14816,17.10674,null,'SVK');
Insert into TEST.CITIES (CITY_ID,NAME,OFFICIAL_NAME,POPULATION,IS_CAPITAL,LATITUDE,LONGITUDE,TIMEZONE,COUNTRY_ID) values ('SLE0001','Freetown',null,1136000,'Y',8.48714,-13.2356,null,'SLE');
Insert into TEST.CITIES (CITY_ID,NAME,OFFICIAL_NAME,POPULATION,IS_CAPITAL,LATITUDE,LONGITUDE,TIMEZONE,COUNTRY_ID) values ('SMR0001','San Marino',null,4000,'Y',43.93667,12.44639,null,'SMR');
Insert into TEST.CITIES (CITY_ID,NAME,OFFICIAL_NAME,POPULATION,IS_CAPITAL,LATITUDE,LONGITUDE,TIMEZONE,COUNTRY_ID) values ('SEN0001','Dakar',null,2978000,'Y',14.6937,-17.44406,null,'SEN');
Insert into TEST.CITIES (CITY_ID,NAME,OFFICIAL_NAME,POPULATION,IS_CAPITAL,LATITUDE,LONGITUDE,TIMEZONE,COUNTRY_ID) values ('SOM0001','Mogadishu',null,2082000,'Y',2.03711,45.34375,null,'SOM');
Insert into TEST.CITIES (CITY_ID,NAME,OFFICIAL_NAME,POPULATION,IS_CAPITAL,LATITUDE,LONGITUDE,TIMEZONE,COUNTRY_ID) values ('SUR0001','Paramaribo',null,239000,'Y',5.86638,-55.16682,null,'SUR');
Insert into TEST.CITIES (CITY_ID,NAME,OFFICIAL_NAME,POPULATION,IS_CAPITAL,LATITUDE,LONGITUDE,TIMEZONE,COUNTRY_ID) values ('SSD0001','Juba',null,369000,'Y',4.85165,31.58247,null,'SSD');
Insert into TEST.CITIES (CITY_ID,NAME,OFFICIAL_NAME,POPULATION,IS_CAPITAL,LATITUDE,LONGITUDE,TIMEZONE,COUNTRY_ID) values ('STP0001','Sao Tome','São Tomé',80000,'Y',0.33654,6.72732,null,'STP');
Insert into TEST.CITIES (CITY_ID,NAME,OFFICIAL_NAME,POPULATION,IS_CAPITAL,LATITUDE,LONGITUDE,TIMEZONE,COUNTRY_ID) values ('SLV0001','San Salvador',null,1107000,'Y',13.68935,-89.18718,null,'SLV');
Insert into TEST.CITIES (CITY_ID,NAME,OFFICIAL_NAME,POPULATION,IS_CAPITAL,LATITUDE,LONGITUDE,TIMEZONE,COUNTRY_ID) values ('SYR0001','Damascus',null,2320000,'Y',33.5102,36.29128,null,'SYR');
Insert into TEST.CITIES (CITY_ID,NAME,OFFICIAL_NAME,POPULATION,IS_CAPITAL,LATITUDE,LONGITUDE,TIMEZONE,COUNTRY_ID) values ('SWZ0001','Mbabane',null,68000,'Y',-26.31667,31.13333,null,'SWZ');
Insert into TEST.CITIES (CITY_ID,NAME,OFFICIAL_NAME,POPULATION,IS_CAPITAL,LATITUDE,LONGITUDE,TIMEZONE,COUNTRY_ID) values ('SWZ0002','Lobamba',null,5800,'Y',-26.44759,31.20673,null,'SWZ');
Insert into TEST.CITIES (CITY_ID,NAME,OFFICIAL_NAME,POPULATION,IS_CAPITAL,LATITUDE,LONGITUDE,TIMEZONE,COUNTRY_ID) values ('TCD0001','N''Djamena','N’Djamena',1323000,'Y',12.10672,15.0444,null,'TCD');
Insert into TEST.CITIES (CITY_ID,NAME,OFFICIAL_NAME,POPULATION,IS_CAPITAL,LATITUDE,LONGITUDE,TIMEZONE,COUNTRY_ID) values ('TGO0001','Lome','Lomé',1746000,'Y',6.12874,1.22154,null,'TGO');
Insert into TEST.CITIES (CITY_ID,NAME,OFFICIAL_NAME,POPULATION,IS_CAPITAL,LATITUDE,LONGITUDE,TIMEZONE,COUNTRY_ID) values ('THA0001','Bangkok',null,10156000,'Y',13.75398,100.50144,null,'THA');
Insert into TEST.CITIES (CITY_ID,NAME,OFFICIAL_NAME,POPULATION,IS_CAPITAL,LATITUDE,LONGITUDE,TIMEZONE,COUNTRY_ID) values ('TJK0001','Dushanbe',null,873000,'Y',38.53575,68.77905,null,'TJK');
Insert into TEST.CITIES (CITY_ID,NAME,OFFICIAL_NAME,POPULATION,IS_CAPITAL,LATITUDE,LONGITUDE,TIMEZONE,COUNTRY_ID) values ('TLS0001','Dili','Díli',281000,'Y',-8.55861,125.57361,null,'TLS');
Insert into TEST.CITIES (CITY_ID,NAME,OFFICIAL_NAME,POPULATION,IS_CAPITAL,LATITUDE,LONGITUDE,TIMEZONE,COUNTRY_ID) values ('TKM0001','Ashgabat',null,810000,'Y',37.95,58.38333,null,'TKM');
Insert into TEST.CITIES (CITY_ID,NAME,OFFICIAL_NAME,POPULATION,IS_CAPITAL,LATITUDE,LONGITUDE,TIMEZONE,COUNTRY_ID) values ('TUN0001','Tunis',null,2291000,'Y',36.81897,10.16579,null,'TUN');
Insert into TEST.CITIES (CITY_ID,NAME,OFFICIAL_NAME,POPULATION,IS_CAPITAL,LATITUDE,LONGITUDE,TIMEZONE,COUNTRY_ID) values ('TON0001','Nuku''alofa','Nuku’alofa',23000,'Y',-21.13938,-175.2018,null,'TON');
Insert into TEST.CITIES (CITY_ID,NAME,OFFICIAL_NAME,POPULATION,IS_CAPITAL,LATITUDE,LONGITUDE,TIMEZONE,COUNTRY_ID) values ('TUR0001','Ankara',null,4919000,'Y',39.91987,32.85427,null,'TUR');
Insert into TEST.CITIES (CITY_ID,NAME,OFFICIAL_NAME,POPULATION,IS_CAPITAL,LATITUDE,LONGITUDE,TIMEZONE,COUNTRY_ID) values ('TTO0001','Port of Spain',null,544000,'Y',10.66668,-61.51889,null,'TTO');
Insert into TEST.CITIES (CITY_ID,NAME,OFFICIAL_NAME,POPULATION,IS_CAPITAL,LATITUDE,LONGITUDE,TIMEZONE,COUNTRY_ID) values ('TUV0001','Funafuti',null,7000,'Y',-8.52425,179.19417,null,'TUV');
Insert into TEST.CITIES (CITY_ID,NAME,OFFICIAL_NAME,POPULATION,IS_CAPITAL,LATITUDE,LONGITUDE,TIMEZONE,COUNTRY_ID) values ('TWN0001','Taipei',null,2706000,'Y',25.04776,121.53185,null,'TWN');
Insert into TEST.CITIES (CITY_ID,NAME,OFFICIAL_NAME,POPULATION,IS_CAPITAL,LATITUDE,LONGITUDE,TIMEZONE,COUNTRY_ID) values ('TZA0001','Dar es Salaam',null,6048000,'Y',-6.81857,39.28921,null,'TZA');
Insert into TEST.CITIES (CITY_ID,NAME,OFFICIAL_NAME,POPULATION,IS_CAPITAL,LATITUDE,LONGITUDE,TIMEZONE,COUNTRY_ID) values ('TZA0002','Dodoma',null,262000,'Y',-6.17221,35.73947,null,'TZA');
Insert into TEST.CITIES (CITY_ID,NAME,OFFICIAL_NAME,POPULATION,IS_CAPITAL,LATITUDE,LONGITUDE,TIMEZONE,COUNTRY_ID) values ('UKR0001','Kiev',null,2957000,'Y',50.44784,30.53368,null,'UKR');
Insert into TEST.CITIES (CITY_ID,NAME,OFFICIAL_NAME,POPULATION,IS_CAPITAL,LATITUDE,LONGITUDE,TIMEZONE,COUNTRY_ID) values ('UGA0001','Kampala',null,2986000,'Y',0.31628,32.58219,null,'UGA');
Insert into TEST.CITIES (CITY_ID,NAME,OFFICIAL_NAME,POPULATION,IS_CAPITAL,LATITUDE,LONGITUDE,TIMEZONE,COUNTRY_ID) values ('USA0001','Washington, D.C.',null,5207000,'Y',38.88978,-77.00906,null,'USA');
Insert into TEST.CITIES (CITY_ID,NAME,OFFICIAL_NAME,POPULATION,IS_CAPITAL,LATITUDE,LONGITUDE,TIMEZONE,COUNTRY_ID) values ('URY0001','Montevideo',null,1737000,'Y',-34.90328,-56.18816,null,'URY');
Insert into TEST.CITIES (CITY_ID,NAME,OFFICIAL_NAME,POPULATION,IS_CAPITAL,LATITUDE,LONGITUDE,TIMEZONE,COUNTRY_ID) values ('UZB0001','Tashkent',null,2464000,'Y',41.26465,69.21627,null,'UZB');
Insert into TEST.CITIES (CITY_ID,NAME,OFFICIAL_NAME,POPULATION,IS_CAPITAL,LATITUDE,LONGITUDE,TIMEZONE,COUNTRY_ID) values ('VAT0001','Vatican City',null,1000,'Y',41.90268,12.45414,null,'VAT');
Insert into TEST.CITIES (CITY_ID,NAME,OFFICIAL_NAME,POPULATION,IS_CAPITAL,LATITUDE,LONGITUDE,TIMEZONE,COUNTRY_ID) values ('VCT0001','Kingstown',null,27000,'Y',13.15527,-61.22742,null,'VCT');
Insert into TEST.CITIES (CITY_ID,NAME,OFFICIAL_NAME,POPULATION,IS_CAPITAL,LATITUDE,LONGITUDE,TIMEZONE,COUNTRY_ID) values ('VEN0001','Caracas',null,2935000,'Y',10.48801,-66.87919,null,'VEN');
Insert into TEST.CITIES (CITY_ID,NAME,OFFICIAL_NAME,POPULATION,IS_CAPITAL,LATITUDE,LONGITUDE,TIMEZONE,COUNTRY_ID) values ('VNM0001','Hanoi',null,1064000,'Y',21.0245,105.84117,null,'VNM');
Insert into TEST.CITIES (CITY_ID,NAME,OFFICIAL_NAME,POPULATION,IS_CAPITAL,LATITUDE,LONGITUDE,TIMEZONE,COUNTRY_ID) values ('VUT0001','Port Vila','Port-Vila',53000,'Y',-17.73648,168.31366,null,'VUT');
Insert into TEST.CITIES (CITY_ID,NAME,OFFICIAL_NAME,POPULATION,IS_CAPITAL,LATITUDE,LONGITUDE,TIMEZONE,COUNTRY_ID) values ('WSM0001','Apia',null,36000,'Y',-13.83333,-171.76666,null,'WSM');
Insert into TEST.CITIES (CITY_ID,NAME,OFFICIAL_NAME,POPULATION,IS_CAPITAL,LATITUDE,LONGITUDE,TIMEZONE,COUNTRY_ID) values ('XKX0001','Prishtina',null,207062,'Y',42.66474,21.16413,null,'XKX');
Insert into TEST.CITIES (CITY_ID,NAME,OFFICIAL_NAME,POPULATION,IS_CAPITAL,LATITUDE,LONGITUDE,TIMEZONE,COUNTRY_ID) values ('YEM0001','Sanaa',null,2779000,'Y',15.35472,44.20667,null,'YEM');
Insert into TEST.CITIES (CITY_ID,NAME,OFFICIAL_NAME,POPULATION,IS_CAPITAL,LATITUDE,LONGITUDE,TIMEZONE,COUNTRY_ID) values ('ZAF0001','Pretoria',null,2378000,'Y',-25.74486,28.18783,null,'ZAF');
Insert into TEST.CITIES (CITY_ID,NAME,OFFICIAL_NAME,POPULATION,IS_CAPITAL,LATITUDE,LONGITUDE,TIMEZONE,COUNTRY_ID) values ('ZAF0002','Cape Town',null,4430000,'Y',-33.9254,18.42355,null,'ZAF');
Insert into TEST.CITIES (CITY_ID,NAME,OFFICIAL_NAME,POPULATION,IS_CAPITAL,LATITUDE,LONGITUDE,TIMEZONE,COUNTRY_ID) values ('ZAF0003','Bloemfontein',null,465000,'Y',-29.12036,26.22535,null,'ZAF');
Insert into TEST.CITIES (CITY_ID,NAME,OFFICIAL_NAME,POPULATION,IS_CAPITAL,LATITUDE,LONGITUDE,TIMEZONE,COUNTRY_ID) values ('ZMB0001','Lusaka',null,2524000,'Y',-15.40669,28.28713,null,'ZMB');
Insert into TEST.CITIES (CITY_ID,NAME,OFFICIAL_NAME,POPULATION,IS_CAPITAL,LATITUDE,LONGITUDE,TIMEZONE,COUNTRY_ID) values ('ZWE0001','Harare',null,1515000,'Y',-17.82772,31.05337,null,'ZWE');
REM INSERTING into TEST.COUNTRIES
SET DEFINE OFF;
Insert into TEST.COUNTRIES (COUNTRY_ID,COUNTRY_CODE,NAME,OFFICIAL_NAME,POPULATION,AREA_SQ_KM,LATITUDE,LONGITUDE,TIMEZONE,REGION_ID) values ('AND','AD','Andorra','Principality of Andorra',86000,468,42.55,1.58333,'Europe/Andorra','EU');
Insert into TEST.COUNTRIES (COUNTRY_ID,COUNTRY_CODE,NAME,OFFICIAL_NAME,POPULATION,AREA_SQ_KM,LATITUDE,LONGITUDE,TIMEZONE,REGION_ID) values ('ARE','AE','United Arab Emirates',null,9701000,83600,23.75,54.5,'Asia/Dubai','AS');
Insert into TEST.COUNTRIES (COUNTRY_ID,COUNTRY_CODE,NAME,OFFICIAL_NAME,POPULATION,AREA_SQ_KM,LATITUDE,LONGITUDE,TIMEZONE,REGION_ID) values ('AFG','AF','Afghanistan','Islamic Republic of Afghanistan',34941000,652230,33,66,'Asia/Kabul','AS');
Insert into TEST.COUNTRIES (COUNTRY_ID,COUNTRY_CODE,NAME,OFFICIAL_NAME,POPULATION,AREA_SQ_KM,LATITUDE,LONGITUDE,TIMEZONE,REGION_ID) values ('ATG','AG','Antigua and Barbuda',null,96000,443,17.05,-61.8,'America/Antigua','NA');
Insert into TEST.COUNTRIES (COUNTRY_ID,COUNTRY_CODE,NAME,OFFICIAL_NAME,POPULATION,AREA_SQ_KM,LATITUDE,LONGITUDE,TIMEZONE,REGION_ID) values ('ALB','AL','Albania','Republic of Albania',3057000,28748,41,20,'Europe/Tirane','EU');
Insert into TEST.COUNTRIES (COUNTRY_ID,COUNTRY_CODE,NAME,OFFICIAL_NAME,POPULATION,AREA_SQ_KM,LATITUDE,LONGITUDE,TIMEZONE,REGION_ID) values ('ARM','AM','Armenia','Republic of Armenia',3038000,29743,40.25,45,'Asia/Yerevan','AS');
Insert into TEST.COUNTRIES (COUNTRY_ID,COUNTRY_CODE,NAME,OFFICIAL_NAME,POPULATION,AREA_SQ_KM,LATITUDE,LONGITUDE,TIMEZONE,REGION_ID) values ('AGO','AO','Angola','Republic of Angola',30356000,1246700,-12.5,18.5,'Africa/Luanda','AF');
Insert into TEST.COUNTRIES (COUNTRY_ID,COUNTRY_CODE,NAME,OFFICIAL_NAME,POPULATION,AREA_SQ_KM,LATITUDE,LONGITUDE,TIMEZONE,REGION_ID) values ('ARG','AR','Argentina','Argentine Republic',44694000,2780400,-34,-64,null,'SA');
Insert into TEST.COUNTRIES (COUNTRY_ID,COUNTRY_CODE,NAME,OFFICIAL_NAME,POPULATION,AREA_SQ_KM,LATITUDE,LONGITUDE,TIMEZONE,REGION_ID) values ('AUT','AT','Austria','Republic of Austria',8793000,83871,47.33333,13.33333,'Europe/Vienna','EU');
Insert into TEST.COUNTRIES (COUNTRY_ID,COUNTRY_CODE,NAME,OFFICIAL_NAME,POPULATION,AREA_SQ_KM,LATITUDE,LONGITUDE,TIMEZONE,REGION_ID) values ('AUS','AU','Australia','Commonwealth of Australia',23470000,7741220,-25,135,null,'OC');
Insert into TEST.COUNTRIES (COUNTRY_ID,COUNTRY_CODE,NAME,OFFICIAL_NAME,POPULATION,AREA_SQ_KM,LATITUDE,LONGITUDE,TIMEZONE,REGION_ID) values ('AZE','AZ','Azerbaijan','Republic of Azerbaijan',10047000,86600,40.5,47.5,'Asia/Baku','AS');
Insert into TEST.COUNTRIES (COUNTRY_ID,COUNTRY_CODE,NAME,OFFICIAL_NAME,POPULATION,AREA_SQ_KM,LATITUDE,LONGITUDE,TIMEZONE,REGION_ID) values ('BIH','BA','Bosnia and Herzegovina',null,3850000,51197,44.25,17.83333,'Europe/Sarajevo','EU');
Insert into TEST.COUNTRIES (COUNTRY_ID,COUNTRY_CODE,NAME,OFFICIAL_NAME,POPULATION,AREA_SQ_KM,LATITUDE,LONGITUDE,TIMEZONE,REGION_ID) values ('BRB','BB','Barbados',null,293000,430,13.16453,-59.55165,'America/Barbados','NA');
Insert into TEST.COUNTRIES (COUNTRY_ID,COUNTRY_CODE,NAME,OFFICIAL_NAME,POPULATION,AREA_SQ_KM,LATITUDE,LONGITUDE,TIMEZONE,REGION_ID) values ('BGD','BD','Bangladesh','People’s Republic of Bangladesh',159453000,148460,24,90,'Asia/Dhaka','AS');
Insert into TEST.COUNTRIES (COUNTRY_ID,COUNTRY_CODE,NAME,OFFICIAL_NAME,POPULATION,AREA_SQ_KM,LATITUDE,LONGITUDE,TIMEZONE,REGION_ID) values ('BEL','BE','Belgium','Kingdom of Belgium',11571000,30528,50.75,4.5,'Europe/Brussels','EU');
Insert into TEST.COUNTRIES (COUNTRY_ID,COUNTRY_CODE,NAME,OFFICIAL_NAME,POPULATION,AREA_SQ_KM,LATITUDE,LONGITUDE,TIMEZONE,REGION_ID) values ('BFA','BF','Burkina Faso',null,19743000,274200,12.5,-1.66667,'Africa/Ouagadougou','AF');
Insert into TEST.COUNTRIES (COUNTRY_ID,COUNTRY_CODE,NAME,OFFICIAL_NAME,POPULATION,AREA_SQ_KM,LATITUDE,LONGITUDE,TIMEZONE,REGION_ID) values ('BGR','BG','Bulgaria','Republic of Bulgaria',7058000,110879,42.66667,25.25,'Europe/Sofia','EU');
Insert into TEST.COUNTRIES (COUNTRY_ID,COUNTRY_CODE,NAME,OFFICIAL_NAME,POPULATION,AREA_SQ_KM,LATITUDE,LONGITUDE,TIMEZONE,REGION_ID) values ('BHR','BH','Bahrain','Kingdom of Bahrain',1443000,760,26.03333,50.55,'Asia/Bahrain','AS');
Insert into TEST.COUNTRIES (COUNTRY_ID,COUNTRY_CODE,NAME,OFFICIAL_NAME,POPULATION,AREA_SQ_KM,LATITUDE,LONGITUDE,TIMEZONE,REGION_ID) values ('BDI','BI','Burundi','Republic of Burundi',11845000,27830,-3.5,30,'Africa/Bujumbura','AF');
Insert into TEST.COUNTRIES (COUNTRY_ID,COUNTRY_CODE,NAME,OFFICIAL_NAME,POPULATION,AREA_SQ_KM,LATITUDE,LONGITUDE,TIMEZONE,REGION_ID) values ('BEN','BJ','Benin','Republic of Benin',11341000,112622,9.5,2.25,'Africa/Porto-Novo','AF');
Insert into TEST.COUNTRIES (COUNTRY_ID,COUNTRY_CODE,NAME,OFFICIAL_NAME,POPULATION,AREA_SQ_KM,LATITUDE,LONGITUDE,TIMEZONE,REGION_ID) values ('BRN','BN','Brunei Darussalam',null,451000,5765,4.5,114.66667,'Asia/Brunei','AS');
Insert into TEST.COUNTRIES (COUNTRY_ID,COUNTRY_CODE,NAME,OFFICIAL_NAME,POPULATION,AREA_SQ_KM,LATITUDE,LONGITUDE,TIMEZONE,REGION_ID) values ('BOL','BO','Bolivia','Plurinational State of Bolivia',11306000,1098581,-17,-65,'America/La_Paz','SA');
Insert into TEST.COUNTRIES (COUNTRY_ID,COUNTRY_CODE,NAME,OFFICIAL_NAME,POPULATION,AREA_SQ_KM,LATITUDE,LONGITUDE,TIMEZONE,REGION_ID) values ('BRA','BR','Brazil','Federative Republic of Brazil',208847000,8515770,-10,-55,null,'SA');
Insert into TEST.COUNTRIES (COUNTRY_ID,COUNTRY_CODE,NAME,OFFICIAL_NAME,POPULATION,AREA_SQ_KM,LATITUDE,LONGITUDE,TIMEZONE,REGION_ID) values ('BHS','BS','Bahamas','Commonwealth of The Bahamas',333000,13880,25.04082,-77.37122,'America/Nassau','NA');
Insert into TEST.COUNTRIES (COUNTRY_ID,COUNTRY_CODE,NAME,OFFICIAL_NAME,POPULATION,AREA_SQ_KM,LATITUDE,LONGITUDE,TIMEZONE,REGION_ID) values ('BTN','BT','Bhutan','Kingdom of Bhutan',766000,38394,27.5,90.5,'Asia/Thimphu','AS');
Insert into TEST.COUNTRIES (COUNTRY_ID,COUNTRY_CODE,NAME,OFFICIAL_NAME,POPULATION,AREA_SQ_KM,LATITUDE,LONGITUDE,TIMEZONE,REGION_ID) values ('BWA','BW','Botswana','Republic of Botswana',2249000,581730,-22,24,'Africa/Gaborone','AF');
Insert into TEST.COUNTRIES (COUNTRY_ID,COUNTRY_CODE,NAME,OFFICIAL_NAME,POPULATION,AREA_SQ_KM,LATITUDE,LONGITUDE,TIMEZONE,REGION_ID) values ('BLR','BY','Belarus','Republic of Belarus',9528000,207600,53,28,'Europe/Minsk','EU');
Insert into TEST.COUNTRIES (COUNTRY_ID,COUNTRY_CODE,NAME,OFFICIAL_NAME,POPULATION,AREA_SQ_KM,LATITUDE,LONGITUDE,TIMEZONE,REGION_ID) values ('BLZ','BZ','Belize',null,386000,22966,17.25,-88.75,'America/Belize','NA');
Insert into TEST.COUNTRIES (COUNTRY_ID,COUNTRY_CODE,NAME,OFFICIAL_NAME,POPULATION,AREA_SQ_KM,LATITUDE,LONGITUDE,TIMEZONE,REGION_ID) values ('CAN','CA','Canada',null,35882000,9984670,60.10867,-113.64258,null,'NA');
Insert into TEST.COUNTRIES (COUNTRY_ID,COUNTRY_CODE,NAME,OFFICIAL_NAME,POPULATION,AREA_SQ_KM,LATITUDE,LONGITUDE,TIMEZONE,REGION_ID) values ('COD','CD','Democratic Republic of the Congo',null,85281000,2344858,-2.5,23.5,null,'AF');
Insert into TEST.COUNTRIES (COUNTRY_ID,COUNTRY_CODE,NAME,OFFICIAL_NAME,POPULATION,AREA_SQ_KM,LATITUDE,LONGITUDE,TIMEZONE,REGION_ID) values ('CAF','CF','Central African Republic',null,5745000,622984,7,21,'Africa/Bangui','AF');
Insert into TEST.COUNTRIES (COUNTRY_ID,COUNTRY_CODE,NAME,OFFICIAL_NAME,POPULATION,AREA_SQ_KM,LATITUDE,LONGITUDE,TIMEZONE,REGION_ID) values ('COG','CG','Congo','Republic of the Congo',5062000,342000,-1,15.5,'Africa/Brazzaville','AF');
Insert into TEST.COUNTRIES (COUNTRY_ID,COUNTRY_CODE,NAME,OFFICIAL_NAME,POPULATION,AREA_SQ_KM,LATITUDE,LONGITUDE,TIMEZONE,REGION_ID) values ('CHE','CH','Switzerland','Swiss Confederation',8293000,41277,47.00016,8.01427,'Europe/Zurich','EU');
Insert into TEST.COUNTRIES (COUNTRY_ID,COUNTRY_CODE,NAME,OFFICIAL_NAME,POPULATION,AREA_SQ_KM,LATITUDE,LONGITUDE,TIMEZONE,REGION_ID) values ('CIV','CI','Cote d''Ivoire','Republic of Côte d’Ivoire',26261000,322463,8,-5.5,'Africa/Abidjan','AF');
Insert into TEST.COUNTRIES (COUNTRY_ID,COUNTRY_CODE,NAME,OFFICIAL_NAME,POPULATION,AREA_SQ_KM,LATITUDE,LONGITUDE,TIMEZONE,REGION_ID) values ('CHL','CL','Chile','Republic of Chile',17925000,756102,-30,-71,null,'SA');
Insert into TEST.COUNTRIES (COUNTRY_ID,COUNTRY_CODE,NAME,OFFICIAL_NAME,POPULATION,AREA_SQ_KM,LATITUDE,LONGITUDE,TIMEZONE,REGION_ID) values ('CMR','CM','Cameroon','Republic of Cameroon',25641000,475440,6,12.5,'Africa/Douala','AF');
Insert into TEST.COUNTRIES (COUNTRY_ID,COUNTRY_CODE,NAME,OFFICIAL_NAME,POPULATION,AREA_SQ_KM,LATITUDE,LONGITUDE,TIMEZONE,REGION_ID) values ('CHN','CN','China','People''s Republic of China',1384689000,9596960,35,105,null,'AS');
Insert into TEST.COUNTRIES (COUNTRY_ID,COUNTRY_CODE,NAME,OFFICIAL_NAME,POPULATION,AREA_SQ_KM,LATITUDE,LONGITUDE,TIMEZONE,REGION_ID) values ('COL','CO','Colombia','Republic of Colombia',48169000,1138910,4,-73.25,'America/Bogota','SA');
Insert into TEST.COUNTRIES (COUNTRY_ID,COUNTRY_CODE,NAME,OFFICIAL_NAME,POPULATION,AREA_SQ_KM,LATITUDE,LONGITUDE,TIMEZONE,REGION_ID) values ('CRI','CR','Costa Rica','Republic of Costa Rica',4987000,51100,10,-84,'America/Costa_Rica','NA');
Insert into TEST.COUNTRIES (COUNTRY_ID,COUNTRY_CODE,NAME,OFFICIAL_NAME,POPULATION,AREA_SQ_KM,LATITUDE,LONGITUDE,TIMEZONE,REGION_ID) values ('CUB','CU','Cuba','Republic of Cuba',11116000,110860,22,-79.5,'America/Havana','NA');
Insert into TEST.COUNTRIES (COUNTRY_ID,COUNTRY_CODE,NAME,OFFICIAL_NAME,POPULATION,AREA_SQ_KM,LATITUDE,LONGITUDE,TIMEZONE,REGION_ID) values ('CPV','CV','Cabo Verde','Republic of Cabo Verde',568000,4033,16,-24,'Atlantic/Cape_Verde','AF');
Insert into TEST.COUNTRIES (COUNTRY_ID,COUNTRY_CODE,NAME,OFFICIAL_NAME,POPULATION,AREA_SQ_KM,LATITUDE,LONGITUDE,TIMEZONE,REGION_ID) values ('CYP','CY','Cyprus','Republic of Cyprus',1237000,9251,35,33,null,'EU');
Insert into TEST.COUNTRIES (COUNTRY_ID,COUNTRY_CODE,NAME,OFFICIAL_NAME,POPULATION,AREA_SQ_KM,LATITUDE,LONGITUDE,TIMEZONE,REGION_ID) values ('CZE','CZ','Czechia','Czech Republic',10686000,78867,49.75,15,'Europe/Prague','EU');
Insert into TEST.COUNTRIES (COUNTRY_ID,COUNTRY_CODE,NAME,OFFICIAL_NAME,POPULATION,AREA_SQ_KM,LATITUDE,LONGITUDE,TIMEZONE,REGION_ID) values ('DEU','DE','Germany','Federal Republic of Germany',80458000,357022,51.5,10.5,null,'EU');
Insert into TEST.COUNTRIES (COUNTRY_ID,COUNTRY_CODE,NAME,OFFICIAL_NAME,POPULATION,AREA_SQ_KM,LATITUDE,LONGITUDE,TIMEZONE,REGION_ID) values ('DJI','DJ','Djibouti','Republic of Djibouti',884000,23200,11.83333,42.5,'Africa/Djibouti','AF');
Insert into TEST.COUNTRIES (COUNTRY_ID,COUNTRY_CODE,NAME,OFFICIAL_NAME,POPULATION,AREA_SQ_KM,LATITUDE,LONGITUDE,TIMEZONE,REGION_ID) values ('DNK','DK','Denmark','Kingdom of Denmark',5810000,43094,56,10,'Europe/Copenhagen','EU');
Insert into TEST.COUNTRIES (COUNTRY_ID,COUNTRY_CODE,NAME,OFFICIAL_NAME,POPULATION,AREA_SQ_KM,LATITUDE,LONGITUDE,TIMEZONE,REGION_ID) values ('DMA','DM','Dominica','Commonwealth of Dominica',74000,751,15.5,-61.33333,'America/Dominica','NA');
Insert into TEST.COUNTRIES (COUNTRY_ID,COUNTRY_CODE,NAME,OFFICIAL_NAME,POPULATION,AREA_SQ_KM,LATITUDE,LONGITUDE,TIMEZONE,REGION_ID) values ('DOM','DO','Dominican Republic',null,10299000,48670,19,-70.66667,'America/Santo_Domingo','NA');
Insert into TEST.COUNTRIES (COUNTRY_ID,COUNTRY_CODE,NAME,OFFICIAL_NAME,POPULATION,AREA_SQ_KM,LATITUDE,LONGITUDE,TIMEZONE,REGION_ID) values ('DZA','DZ','Algeria','People’s Democratic Republic of Algeria',41657000,2381741,28,3,'Africa/Algiers','AF');
Insert into TEST.COUNTRIES (COUNTRY_ID,COUNTRY_CODE,NAME,OFFICIAL_NAME,POPULATION,AREA_SQ_KM,LATITUDE,LONGITUDE,TIMEZONE,REGION_ID) values ('ECU','EC','Ecuador','Republic of Ecuador',16291000,283561,-1.25,-78.25,null,'SA');
Insert into TEST.COUNTRIES (COUNTRY_ID,COUNTRY_CODE,NAME,OFFICIAL_NAME,POPULATION,AREA_SQ_KM,LATITUDE,LONGITUDE,TIMEZONE,REGION_ID) values ('EST','EE','Estonia','Republic of Estonia',1244000,45228,59,26,'Europe/Tallinn','EU');
Insert into TEST.COUNTRIES (COUNTRY_ID,COUNTRY_CODE,NAME,OFFICIAL_NAME,POPULATION,AREA_SQ_KM,LATITUDE,LONGITUDE,TIMEZONE,REGION_ID) values ('EGY','EG','Egypt','Arab Republic of Egypt',99413000,1001450,27,30,'Africa/Cairo','AF');
Insert into TEST.COUNTRIES (COUNTRY_ID,COUNTRY_CODE,NAME,OFFICIAL_NAME,POPULATION,AREA_SQ_KM,LATITUDE,LONGITUDE,TIMEZONE,REGION_ID) values ('ERI','ER','Eritrea','State of Eritrea',5971000,117600,15,39,'Africa/Asmara','AF');
Insert into TEST.COUNTRIES (COUNTRY_ID,COUNTRY_CODE,NAME,OFFICIAL_NAME,POPULATION,AREA_SQ_KM,LATITUDE,LONGITUDE,TIMEZONE,REGION_ID) values ('ESP','ES','Spain','Kingdom of Spain',49331000,505370,40,-4,'Europe/Madrid','EU');
Insert into TEST.COUNTRIES (COUNTRY_ID,COUNTRY_CODE,NAME,OFFICIAL_NAME,POPULATION,AREA_SQ_KM,LATITUDE,LONGITUDE,TIMEZONE,REGION_ID) values ('ETH','ET','Ethiopia','Federal Democratic Republic of Ethiopia',108386000,1104300,9,39.5,'Africa/Addis_Ababa','AF');
Insert into TEST.COUNTRIES (COUNTRY_ID,COUNTRY_CODE,NAME,OFFICIAL_NAME,POPULATION,AREA_SQ_KM,LATITUDE,LONGITUDE,TIMEZONE,REGION_ID) values ('FIN','FI','Finland','Republic of Finland',5537000,338145,64,26,'Europe/Helsinki','EU');
Insert into TEST.COUNTRIES (COUNTRY_ID,COUNTRY_CODE,NAME,OFFICIAL_NAME,POPULATION,AREA_SQ_KM,LATITUDE,LONGITUDE,TIMEZONE,REGION_ID) values ('FJI','FJ','Fiji','Republic of Fiji',926000,18274,-18,178,'Pacific/Fiji','OC');
Insert into TEST.COUNTRIES (COUNTRY_ID,COUNTRY_CODE,NAME,OFFICIAL_NAME,POPULATION,AREA_SQ_KM,LATITUDE,LONGITUDE,TIMEZONE,REGION_ID) values ('FSM','FM','Micronesia','Federated States of Micronesia',104000,702,6.91666,158.18333,null,'OC');
Insert into TEST.COUNTRIES (COUNTRY_ID,COUNTRY_CODE,NAME,OFFICIAL_NAME,POPULATION,AREA_SQ_KM,LATITUDE,LONGITUDE,TIMEZONE,REGION_ID) values ('FRA','FR','France','French Republic',67364000,643801,46,2,'Europe/Paris','EU');
Insert into TEST.COUNTRIES (COUNTRY_ID,COUNTRY_CODE,NAME,OFFICIAL_NAME,POPULATION,AREA_SQ_KM,LATITUDE,LONGITUDE,TIMEZONE,REGION_ID) values ('GAB','GA','Gabon','Gabonese Republic',2119000,267667,-1,11.75,'Africa/Libreville','AF');
Insert into TEST.COUNTRIES (COUNTRY_ID,COUNTRY_CODE,NAME,OFFICIAL_NAME,POPULATION,AREA_SQ_KM,LATITUDE,LONGITUDE,TIMEZONE,REGION_ID) values ('GBR','GB','United Kingdom','United Kingdom of Great Britain and Northern Ireland',65105000,243610,54.75844,-2.69531,'Europe/London','EU');
Insert into TEST.COUNTRIES (COUNTRY_ID,COUNTRY_CODE,NAME,OFFICIAL_NAME,POPULATION,AREA_SQ_KM,LATITUDE,LONGITUDE,TIMEZONE,REGION_ID) values ('GRD','GD','Grenada',null,112000,344,12.11667,-61.66667,'America/Grenada','NA');
Insert into TEST.COUNTRIES (COUNTRY_ID,COUNTRY_CODE,NAME,OFFICIAL_NAME,POPULATION,AREA_SQ_KM,LATITUDE,LONGITUDE,TIMEZONE,REGION_ID) values ('GEO','GE','Georgia',null,4926000,69700,41.99998,43.4999,'Asia/Tbilisi','AS');
Insert into TEST.COUNTRIES (COUNTRY_ID,COUNTRY_CODE,NAME,OFFICIAL_NAME,POPULATION,AREA_SQ_KM,LATITUDE,LONGITUDE,TIMEZONE,REGION_ID) values ('GHA','GH','Ghana','Republic of Ghana',28102000,238533,8.1,-1.2,'Africa/Accra','AF');
Insert into TEST.COUNTRIES (COUNTRY_ID,COUNTRY_CODE,NAME,OFFICIAL_NAME,POPULATION,AREA_SQ_KM,LATITUDE,LONGITUDE,TIMEZONE,REGION_ID) values ('GMB','GM','Gambia','Republic of The Gambia',2093000,11300,13.5,-15.5,'Africa/Banjul','AF');
Insert into TEST.COUNTRIES (COUNTRY_ID,COUNTRY_CODE,NAME,OFFICIAL_NAME,POPULATION,AREA_SQ_KM,LATITUDE,LONGITUDE,TIMEZONE,REGION_ID) values ('GIN','GN','Guinea','Republic of Guinea',11855000,245857,10.83333,-10.66667,'Africa/Conakry','AF');
Insert into TEST.COUNTRIES (COUNTRY_ID,COUNTRY_CODE,NAME,OFFICIAL_NAME,POPULATION,AREA_SQ_KM,LATITUDE,LONGITUDE,TIMEZONE,REGION_ID) values ('GNQ','GQ','Equatorial Guinea','Republic of Equatorial Guinea',797000,28051,1.7,10.5,'Africa/Malabo','AF');
Insert into TEST.COUNTRIES (COUNTRY_ID,COUNTRY_CODE,NAME,OFFICIAL_NAME,POPULATION,AREA_SQ_KM,LATITUDE,LONGITUDE,TIMEZONE,REGION_ID) values ('GRC','GR','Greece','Hellenic Republic',10762000,131957,39,22,'Europe/Athens','EU');
Insert into TEST.COUNTRIES (COUNTRY_ID,COUNTRY_CODE,NAME,OFFICIAL_NAME,POPULATION,AREA_SQ_KM,LATITUDE,LONGITUDE,TIMEZONE,REGION_ID) values ('GTM','GT','Guatemala','Republic of Guatemala',16581000,108889,15.5,-90.25,'America/Guatemala','NA');
Insert into TEST.COUNTRIES (COUNTRY_ID,COUNTRY_CODE,NAME,OFFICIAL_NAME,POPULATION,AREA_SQ_KM,LATITUDE,LONGITUDE,TIMEZONE,REGION_ID) values ('GNB','GW','Guinea-Bissau','Republic of Guinea-Bissau',1833000,36125,12,-15,'Africa/Bissau','AF');
Insert into TEST.COUNTRIES (COUNTRY_ID,COUNTRY_CODE,NAME,OFFICIAL_NAME,POPULATION,AREA_SQ_KM,LATITUDE,LONGITUDE,TIMEZONE,REGION_ID) values ('GUY','GY','Guyana','Co-operative Republic of Guyana',741000,214969,5,-59,'America/Guyana','SA');
Insert into TEST.COUNTRIES (COUNTRY_ID,COUNTRY_CODE,NAME,OFFICIAL_NAME,POPULATION,AREA_SQ_KM,LATITUDE,LONGITUDE,TIMEZONE,REGION_ID) values ('HND','HN','Honduras','Republic of Honduras',9183000,112090,15,-86.5,'America/Tegucigalpa','NA');
Insert into TEST.COUNTRIES (COUNTRY_ID,COUNTRY_CODE,NAME,OFFICIAL_NAME,POPULATION,AREA_SQ_KM,LATITUDE,LONGITUDE,TIMEZONE,REGION_ID) values ('HRV','HR','Croatia','Republic of Croatia',4270000,56594,45.16667,15.5,'Europe/Zagreb','EU');
Insert into TEST.COUNTRIES (COUNTRY_ID,COUNTRY_CODE,NAME,OFFICIAL_NAME,POPULATION,AREA_SQ_KM,LATITUDE,LONGITUDE,TIMEZONE,REGION_ID) values ('HTI','HT','Haiti','Republic of Haiti',10788000,27750,19.07582,-72.29616,'America/Port-au-Prince','NA');
Insert into TEST.COUNTRIES (COUNTRY_ID,COUNTRY_CODE,NAME,OFFICIAL_NAME,POPULATION,AREA_SQ_KM,LATITUDE,LONGITUDE,TIMEZONE,REGION_ID) values ('HUN','HU','Hungary',null,9826000,93028,47,20,'Europe/Budapest','EU');
Insert into TEST.COUNTRIES (COUNTRY_ID,COUNTRY_CODE,NAME,OFFICIAL_NAME,POPULATION,AREA_SQ_KM,LATITUDE,LONGITUDE,TIMEZONE,REGION_ID) values ('IDN','ID','Indonesia','Republic of Indonesia',262787000,1904569,-5,120,null,'AS');
Insert into TEST.COUNTRIES (COUNTRY_ID,COUNTRY_CODE,NAME,OFFICIAL_NAME,POPULATION,AREA_SQ_KM,LATITUDE,LONGITUDE,TIMEZONE,REGION_ID) values ('IRL','IE','Ireland','Éire',5068000,70273,53,-8,'Europe/Dublin','EU');
Insert into TEST.COUNTRIES (COUNTRY_ID,COUNTRY_CODE,NAME,OFFICIAL_NAME,POPULATION,AREA_SQ_KM,LATITUDE,LONGITUDE,TIMEZONE,REGION_ID) values ('ISR','IL','Israel','State of Israel',8425000,20770,31.5,34.75,'Asia/Jerusalem','AS');
Insert into TEST.COUNTRIES (COUNTRY_ID,COUNTRY_CODE,NAME,OFFICIAL_NAME,POPULATION,AREA_SQ_KM,LATITUDE,LONGITUDE,TIMEZONE,REGION_ID) values ('IND','IN','India','Republic of India',1296834000,3287263,22,79,'Asia/Kolkata','AS');
Insert into TEST.COUNTRIES (COUNTRY_ID,COUNTRY_CODE,NAME,OFFICIAL_NAME,POPULATION,AREA_SQ_KM,LATITUDE,LONGITUDE,TIMEZONE,REGION_ID) values ('IRQ','IQ','Iraq','Republic of Iraq',40194000,438317,33,44,'Asia/Baghdad','AS');
Insert into TEST.COUNTRIES (COUNTRY_ID,COUNTRY_CODE,NAME,OFFICIAL_NAME,POPULATION,AREA_SQ_KM,LATITUDE,LONGITUDE,TIMEZONE,REGION_ID) values ('IRN','IR','Iran','Islamic Republic of Iran',83025000,1648195,32,53,'Asia/Tehran','AS');
Insert into TEST.COUNTRIES (COUNTRY_ID,COUNTRY_CODE,NAME,OFFICIAL_NAME,POPULATION,AREA_SQ_KM,LATITUDE,LONGITUDE,TIMEZONE,REGION_ID) values ('ISL','IS','Iceland','Republic of Iceland',344000,103000,65,-18,'Atlantic/Reykjavik','EU');
Insert into TEST.COUNTRIES (COUNTRY_ID,COUNTRY_CODE,NAME,OFFICIAL_NAME,POPULATION,AREA_SQ_KM,LATITUDE,LONGITUDE,TIMEZONE,REGION_ID) values ('ITA','IT','Italy','Italian Republic',62247000,301340,42.83333,12.83333,'Europe/Rome','EU');
Insert into TEST.COUNTRIES (COUNTRY_ID,COUNTRY_CODE,NAME,OFFICIAL_NAME,POPULATION,AREA_SQ_KM,LATITUDE,LONGITUDE,TIMEZONE,REGION_ID) values ('JAM','JM','Jamaica',null,2812000,10991,18.16667,-77.25,'America/Jamaica','NA');
Insert into TEST.COUNTRIES (COUNTRY_ID,COUNTRY_CODE,NAME,OFFICIAL_NAME,POPULATION,AREA_SQ_KM,LATITUDE,LONGITUDE,TIMEZONE,REGION_ID) values ('JOR','JO','Jordan','Hashemite Kingdom of Jordan',10458000,89342,31,36,'Asia/Amman','AS');
Insert into TEST.COUNTRIES (COUNTRY_ID,COUNTRY_CODE,NAME,OFFICIAL_NAME,POPULATION,AREA_SQ_KM,LATITUDE,LONGITUDE,TIMEZONE,REGION_ID) values ('JPN','JP','Japan',null,126168000,377915,35.68536,139.75309,'Asia/Tokyo','AS');
Insert into TEST.COUNTRIES (COUNTRY_ID,COUNTRY_CODE,NAME,OFFICIAL_NAME,POPULATION,AREA_SQ_KM,LATITUDE,LONGITUDE,TIMEZONE,REGION_ID) values ('KEN','KE','Kenya','Republic of Kenya',48398000,580367,1,38,'Africa/Nairobi','AF');
Insert into TEST.COUNTRIES (COUNTRY_ID,COUNTRY_CODE,NAME,OFFICIAL_NAME,POPULATION,AREA_SQ_KM,LATITUDE,LONGITUDE,TIMEZONE,REGION_ID) values ('KGZ','KG','Kyrgyzstan','Kyrgyz Republic',5849000,199951,41.5,75,'Asia/Bishkek','AS');
Insert into TEST.COUNTRIES (COUNTRY_ID,COUNTRY_CODE,NAME,OFFICIAL_NAME,POPULATION,AREA_SQ_KM,LATITUDE,LONGITUDE,TIMEZONE,REGION_ID) values ('KHM','KH','Cambodia','Kingdom of Cambodia',16450000,181035,13,105,'Asia/Phnom_Penh','AS');
Insert into TEST.COUNTRIES (COUNTRY_ID,COUNTRY_CODE,NAME,OFFICIAL_NAME,POPULATION,AREA_SQ_KM,LATITUDE,LONGITUDE,TIMEZONE,REGION_ID) values ('KIR','KI','Kiribati','Republic of Kiribati',109000,811,1.421,172.984,null,'OC');
Insert into TEST.COUNTRIES (COUNTRY_ID,COUNTRY_CODE,NAME,OFFICIAL_NAME,POPULATION,AREA_SQ_KM,LATITUDE,LONGITUDE,TIMEZONE,REGION_ID) values ('COM','KM','Comoros','Union of the Comoros',821000,2235,-12.23333,44.44553,'Indian/Comoro','AF');
Insert into TEST.COUNTRIES (COUNTRY_ID,COUNTRY_CODE,NAME,OFFICIAL_NAME,POPULATION,AREA_SQ_KM,LATITUDE,LONGITUDE,TIMEZONE,REGION_ID) values ('KNA','KN','Saint Kitts and Nevis','Federation of Saint Kitts and Nevis',53000,261,17.33333,-62.75,'America/Basseterre','NA');
Insert into TEST.COUNTRIES (COUNTRY_ID,COUNTRY_CODE,NAME,OFFICIAL_NAME,POPULATION,AREA_SQ_KM,LATITUDE,LONGITUDE,TIMEZONE,REGION_ID) values ('PRK','KP','North Korea','Democratic People''s Republic of Korea',25381000,120538,40,127,'Asia/Pyongyang','AS');
Insert into TEST.COUNTRIES (COUNTRY_ID,COUNTRY_CODE,NAME,OFFICIAL_NAME,POPULATION,AREA_SQ_KM,LATITUDE,LONGITUDE,TIMEZONE,REGION_ID) values ('KOR','KR','South Korea','Republic of Korea',51418000,99720,36.5,127.75,'Asia/Seoul','AS');
Insert into TEST.COUNTRIES (COUNTRY_ID,COUNTRY_CODE,NAME,OFFICIAL_NAME,POPULATION,AREA_SQ_KM,LATITUDE,LONGITUDE,TIMEZONE,REGION_ID) values ('KWT','KW','Kuwait','State of Kuwait',4622000,17818,29.5,47.75,'Asia/Kuwait','AS');
Insert into TEST.COUNTRIES (COUNTRY_ID,COUNTRY_CODE,NAME,OFFICIAL_NAME,POPULATION,AREA_SQ_KM,LATITUDE,LONGITUDE,TIMEZONE,REGION_ID) values ('KAZ','KZ','Kazakhstan','Republic of Kazakhstan',18745000,2724900,48,68,null,'AS');
Insert into TEST.COUNTRIES (COUNTRY_ID,COUNTRY_CODE,NAME,OFFICIAL_NAME,POPULATION,AREA_SQ_KM,LATITUDE,LONGITUDE,TIMEZONE,REGION_ID) values ('LAO','LA','Laos','Lao People''s Democratic Republic',7234000,236800,18,105,'Asia/Vientiane','AS');
Insert into TEST.COUNTRIES (COUNTRY_ID,COUNTRY_CODE,NAME,OFFICIAL_NAME,POPULATION,AREA_SQ_KM,LATITUDE,LONGITUDE,TIMEZONE,REGION_ID) values ('LBN','LB','Lebanon','Lebanese Republic',6100000,10400,33.83333,35.83333,'Asia/Beirut','AS');
Insert into TEST.COUNTRIES (COUNTRY_ID,COUNTRY_CODE,NAME,OFFICIAL_NAME,POPULATION,AREA_SQ_KM,LATITUDE,LONGITUDE,TIMEZONE,REGION_ID) values ('LCA','LC','Saint Lucia',null,166000,616,13.88333,-60.96667,'America/Castries','NA');
Insert into TEST.COUNTRIES (COUNTRY_ID,COUNTRY_CODE,NAME,OFFICIAL_NAME,POPULATION,AREA_SQ_KM,LATITUDE,LONGITUDE,TIMEZONE,REGION_ID) values ('LIE','LI','Liechtenstein','Principality of Liechtenstein',39000,160,47.16667,9.53333,'Europe/Vaduz','EU');
Insert into TEST.COUNTRIES (COUNTRY_ID,COUNTRY_CODE,NAME,OFFICIAL_NAME,POPULATION,AREA_SQ_KM,LATITUDE,LONGITUDE,TIMEZONE,REGION_ID) values ('LKA','LK','Sri Lanka','Democratic Socialist Republic of Sri Lanka',22577000,65610,7.75,80.75,'Asia/Colombo','AS');
Insert into TEST.COUNTRIES (COUNTRY_ID,COUNTRY_CODE,NAME,OFFICIAL_NAME,POPULATION,AREA_SQ_KM,LATITUDE,LONGITUDE,TIMEZONE,REGION_ID) values ('LBR','LR','Liberia','Republic of Liberia',4810000,111369,6.5,-9.5,'Africa/Monrovia','AF');
Insert into TEST.COUNTRIES (COUNTRY_ID,COUNTRY_CODE,NAME,OFFICIAL_NAME,POPULATION,AREA_SQ_KM,LATITUDE,LONGITUDE,TIMEZONE,REGION_ID) values ('LSO','LS','Lesotho','Kingdom of Lesotho',1962000,30355,-29.5,28.25,'Africa/Maseru','AF');
Insert into TEST.COUNTRIES (COUNTRY_ID,COUNTRY_CODE,NAME,OFFICIAL_NAME,POPULATION,AREA_SQ_KM,LATITUDE,LONGITUDE,TIMEZONE,REGION_ID) values ('LTU','LT','Lithuania','Republic of Lithuania',2793000,65300,55.41667,24,'Europe/Vilnius','EU');
Insert into TEST.COUNTRIES (COUNTRY_ID,COUNTRY_CODE,NAME,OFFICIAL_NAME,POPULATION,AREA_SQ_KM,LATITUDE,LONGITUDE,TIMEZONE,REGION_ID) values ('LUX','LU','Luxembourg','Grand Duchy of Luxembourg',606000,2586,49.75,6.16667,'Europe/Luxembourg','EU');
Insert into TEST.COUNTRIES (COUNTRY_ID,COUNTRY_CODE,NAME,OFFICIAL_NAME,POPULATION,AREA_SQ_KM,LATITUDE,LONGITUDE,TIMEZONE,REGION_ID) values ('LVA','LV','Latvia','Republic of Latvia',1924000,64589,57,25,'Europe/Riga','EU');
Insert into TEST.COUNTRIES (COUNTRY_ID,COUNTRY_CODE,NAME,OFFICIAL_NAME,POPULATION,AREA_SQ_KM,LATITUDE,LONGITUDE,TIMEZONE,REGION_ID) values ('LBY','LY','Libya','State of Libya',6755000,1759540,28,17,'Africa/Tripoli','AF');
Insert into TEST.COUNTRIES (COUNTRY_ID,COUNTRY_CODE,NAME,OFFICIAL_NAME,POPULATION,AREA_SQ_KM,LATITUDE,LONGITUDE,TIMEZONE,REGION_ID) values ('MAR','MA','Morocco','Kingdom of Morocco',34314000,446550,32,-6,'Africa/Casablanca','AF');
Insert into TEST.COUNTRIES (COUNTRY_ID,COUNTRY_CODE,NAME,OFFICIAL_NAME,POPULATION,AREA_SQ_KM,LATITUDE,LONGITUDE,TIMEZONE,REGION_ID) values ('MCO','MC','Monaco','Principality of Monaco',38000,2,43.73141,7.41903,'Europe/Monaco','EU');
Insert into TEST.COUNTRIES (COUNTRY_ID,COUNTRY_CODE,NAME,OFFICIAL_NAME,POPULATION,AREA_SQ_KM,LATITUDE,LONGITUDE,TIMEZONE,REGION_ID) values ('MDA','MD','Moldova','Republic of Moldova',3438000,33851,47.25,28.58333,'Europe/Chisinau','EU');
Insert into TEST.COUNTRIES (COUNTRY_ID,COUNTRY_CODE,NAME,OFFICIAL_NAME,POPULATION,AREA_SQ_KM,LATITUDE,LONGITUDE,TIMEZONE,REGION_ID) values ('MNE','ME','Montenegro',null,614000,13812,42.75,19.25,'Europe/Podgorica','EU');
Insert into TEST.COUNTRIES (COUNTRY_ID,COUNTRY_CODE,NAME,OFFICIAL_NAME,POPULATION,AREA_SQ_KM,LATITUDE,LONGITUDE,TIMEZONE,REGION_ID) values ('MDG','MG','Madagascar','Republic of Madagascar',25684000,587041,-20,47,'Indian/Antananarivo','AF');
Insert into TEST.COUNTRIES (COUNTRY_ID,COUNTRY_CODE,NAME,OFFICIAL_NAME,POPULATION,AREA_SQ_KM,LATITUDE,LONGITUDE,TIMEZONE,REGION_ID) values ('MHL','MH','Marshall Islands','Republic of the Marshall Islands',76000,181,7.08971,171.38027,'Pacific/Majuro','OC');
Insert into TEST.COUNTRIES (COUNTRY_ID,COUNTRY_CODE,NAME,OFFICIAL_NAME,POPULATION,AREA_SQ_KM,LATITUDE,LONGITUDE,TIMEZONE,REGION_ID) values ('MKD','MK','North Macedonia','Republic of North Macedonia',2119000,25713,41.66667,21.75,'Europe/Skopje','EU');
Insert into TEST.COUNTRIES (COUNTRY_ID,COUNTRY_CODE,NAME,OFFICIAL_NAME,POPULATION,AREA_SQ_KM,LATITUDE,LONGITUDE,TIMEZONE,REGION_ID) values ('MLI','ML','Mali','Republic of Mali',18430000,1240192,18,-2,'Africa/Bamako','AF');
Insert into TEST.COUNTRIES (COUNTRY_ID,COUNTRY_CODE,NAME,OFFICIAL_NAME,POPULATION,AREA_SQ_KM,LATITUDE,LONGITUDE,TIMEZONE,REGION_ID) values ('MMR','MM','Myanmar','Republic of the Union of Myanmar',55623000,676578,21,96,'Asia/Yangon','AS');
Insert into TEST.COUNTRIES (COUNTRY_ID,COUNTRY_CODE,NAME,OFFICIAL_NAME,POPULATION,AREA_SQ_KM,LATITUDE,LONGITUDE,TIMEZONE,REGION_ID) values ('MNG','MN','Mongolia',null,3103000,1564116,46,105,null,'AS');
Insert into TEST.COUNTRIES (COUNTRY_ID,COUNTRY_CODE,NAME,OFFICIAL_NAME,POPULATION,AREA_SQ_KM,LATITUDE,LONGITUDE,TIMEZONE,REGION_ID) values ('MRT','MR','Mauritania','Islamic Republic of Mauritania',3840000,1030700,20.25,-10.5,'Africa/Nouakchott','AF');
Insert into TEST.COUNTRIES (COUNTRY_ID,COUNTRY_CODE,NAME,OFFICIAL_NAME,POPULATION,AREA_SQ_KM,LATITUDE,LONGITUDE,TIMEZONE,REGION_ID) values ('MLT','MT','Malta','Republic of Malta',449000,316,35.91667,14.43333,'Europe/Malta','EU');
Insert into TEST.COUNTRIES (COUNTRY_ID,COUNTRY_CODE,NAME,OFFICIAL_NAME,POPULATION,AREA_SQ_KM,LATITUDE,LONGITUDE,TIMEZONE,REGION_ID) values ('MUS','MU','Mauritius','Republic of Mauritius',1364000,2040,-20.3,57.58333,'Indian/Mauritius','AF');
Insert into TEST.COUNTRIES (COUNTRY_ID,COUNTRY_CODE,NAME,OFFICIAL_NAME,POPULATION,AREA_SQ_KM,LATITUDE,LONGITUDE,TIMEZONE,REGION_ID) values ('MDV','MV','Maldives','Republic of Maldives',392000,298,3.2,73,'Indian/Maldives','AS');
Insert into TEST.COUNTRIES (COUNTRY_ID,COUNTRY_CODE,NAME,OFFICIAL_NAME,POPULATION,AREA_SQ_KM,LATITUDE,LONGITUDE,TIMEZONE,REGION_ID) values ('MWI','MW','Malawi','Republic of Malawi',19843000,118484,-13.5,34,'Africa/Blantyre','AF');
Insert into TEST.COUNTRIES (COUNTRY_ID,COUNTRY_CODE,NAME,OFFICIAL_NAME,POPULATION,AREA_SQ_KM,LATITUDE,LONGITUDE,TIMEZONE,REGION_ID) values ('MEX','MX','Mexico','United Mexican States',125959000,1964375,23,-102,null,'NA');
Insert into TEST.COUNTRIES (COUNTRY_ID,COUNTRY_CODE,NAME,OFFICIAL_NAME,POPULATION,AREA_SQ_KM,LATITUDE,LONGITUDE,TIMEZONE,REGION_ID) values ('MYS','MY','Malaysia',null,31810000,329847,2.5,112.5,null,'AS');
Insert into TEST.COUNTRIES (COUNTRY_ID,COUNTRY_CODE,NAME,OFFICIAL_NAME,POPULATION,AREA_SQ_KM,LATITUDE,LONGITUDE,TIMEZONE,REGION_ID) values ('MOZ','MZ','Mozambique','Republic of Mozambique',27234000,799380,-18.25,35,'Africa/Maputo','AF');
Insert into TEST.COUNTRIES (COUNTRY_ID,COUNTRY_CODE,NAME,OFFICIAL_NAME,POPULATION,AREA_SQ_KM,LATITUDE,LONGITUDE,TIMEZONE,REGION_ID) values ('NAM','NA','Namibia','Republic of Namibia',2533000,824292,-22,17,'Africa/Windhoek','AF');
Insert into TEST.COUNTRIES (COUNTRY_ID,COUNTRY_CODE,NAME,OFFICIAL_NAME,POPULATION,AREA_SQ_KM,LATITUDE,LONGITUDE,TIMEZONE,REGION_ID) values ('NER','NE','Niger','Republic of Niger',19866000,1267000,18,9,'Africa/Niamey','AF');
Insert into TEST.COUNTRIES (COUNTRY_ID,COUNTRY_CODE,NAME,OFFICIAL_NAME,POPULATION,AREA_SQ_KM,LATITUDE,LONGITUDE,TIMEZONE,REGION_ID) values ('NGA','NG','Nigeria','Federal Republic of Nigeria',203453000,923768,10,8,'Africa/Lagos','AF');
Insert into TEST.COUNTRIES (COUNTRY_ID,COUNTRY_CODE,NAME,OFFICIAL_NAME,POPULATION,AREA_SQ_KM,LATITUDE,LONGITUDE,TIMEZONE,REGION_ID) values ('NIC','NI','Nicaragua','Republic of Nicaragua',6085000,130370,13,-85,'America/Managua','NA');
Insert into TEST.COUNTRIES (COUNTRY_ID,COUNTRY_CODE,NAME,OFFICIAL_NAME,POPULATION,AREA_SQ_KM,LATITUDE,LONGITUDE,TIMEZONE,REGION_ID) values ('NLD','NL','Netherlands','Kingdom of Netherlands',17151000,41543,52.25,5.75,'Europe/Amsterdam','EU');
Insert into TEST.COUNTRIES (COUNTRY_ID,COUNTRY_CODE,NAME,OFFICIAL_NAME,POPULATION,AREA_SQ_KM,LATITUDE,LONGITUDE,TIMEZONE,REGION_ID) values ('NOR','NO','Norway','Kingdom of Norway',5372000,323802,62,10,'Europe/Oslo','EU');
Insert into TEST.COUNTRIES (COUNTRY_ID,COUNTRY_CODE,NAME,OFFICIAL_NAME,POPULATION,AREA_SQ_KM,LATITUDE,LONGITUDE,TIMEZONE,REGION_ID) values ('NPL','NP','Nepal','Federal Democratic Republic of Nepal',29718000,147181,28,84,'Asia/Kathmandu','AS');
Insert into TEST.COUNTRIES (COUNTRY_ID,COUNTRY_CODE,NAME,OFFICIAL_NAME,POPULATION,AREA_SQ_KM,LATITUDE,LONGITUDE,TIMEZONE,REGION_ID) values ('NRU','NR','Nauru','Republic of Nauru',10000,21,-0.517,166.933,'Pacific/Nauru','OC');
Insert into TEST.COUNTRIES (COUNTRY_ID,COUNTRY_CODE,NAME,OFFICIAL_NAME,POPULATION,AREA_SQ_KM,LATITUDE,LONGITUDE,TIMEZONE,REGION_ID) values ('NZL','NZ','New Zealand',null,4546000,268838,-42,174,null,'OC');
Insert into TEST.COUNTRIES (COUNTRY_ID,COUNTRY_CODE,NAME,OFFICIAL_NAME,POPULATION,AREA_SQ_KM,LATITUDE,LONGITUDE,TIMEZONE,REGION_ID) values ('OMN','OM','Oman','Sultanate of Oman',3494000,309500,21,57,'Asia/Muscat','AS');
Insert into TEST.COUNTRIES (COUNTRY_ID,COUNTRY_CODE,NAME,OFFICIAL_NAME,POPULATION,AREA_SQ_KM,LATITUDE,LONGITUDE,TIMEZONE,REGION_ID) values ('PAN','PA','Panama','Republic of Panama',3801000,75420,9,-80,'America/Panama','NA');
Insert into TEST.COUNTRIES (COUNTRY_ID,COUNTRY_CODE,NAME,OFFICIAL_NAME,POPULATION,AREA_SQ_KM,LATITUDE,LONGITUDE,TIMEZONE,REGION_ID) values ('PER','PE','Peru','Republic of Peru',31331000,1285216,-10,-75.25,'America/Lima','SA');
Insert into TEST.COUNTRIES (COUNTRY_ID,COUNTRY_CODE,NAME,OFFICIAL_NAME,POPULATION,AREA_SQ_KM,LATITUDE,LONGITUDE,TIMEZONE,REGION_ID) values ('PNG','PG','Papua New Guinea','Independent State of Papua New Guinea',7027000,462840,-6,147,null,'OC');
Insert into TEST.COUNTRIES (COUNTRY_ID,COUNTRY_CODE,NAME,OFFICIAL_NAME,POPULATION,AREA_SQ_KM,LATITUDE,LONGITUDE,TIMEZONE,REGION_ID) values ('PHL','PH','Philippines','Republic of Philippines',105893000,300000,13,122,'Asia/Manila','AS');
Insert into TEST.COUNTRIES (COUNTRY_ID,COUNTRY_CODE,NAME,OFFICIAL_NAME,POPULATION,AREA_SQ_KM,LATITUDE,LONGITUDE,TIMEZONE,REGION_ID) values ('PAK','PK','Pakistan','Islamic Republic of Pakistan',207863000,796095,30,70,'Asia/Karachi','AS');
Insert into TEST.COUNTRIES (COUNTRY_ID,COUNTRY_CODE,NAME,OFFICIAL_NAME,POPULATION,AREA_SQ_KM,LATITUDE,LONGITUDE,TIMEZONE,REGION_ID) values ('POL','PL','Poland','Republic of Poland',38421000,312685,52,20,'Europe/Warsaw','EU');
Insert into TEST.COUNTRIES (COUNTRY_ID,COUNTRY_CODE,NAME,OFFICIAL_NAME,POPULATION,AREA_SQ_KM,LATITUDE,LONGITUDE,TIMEZONE,REGION_ID) values ('PRT','PT','Portugal','Portuguese Republic',10355000,92090,39.6945,-8.13057,'Europe/Lisbon','EU');
Insert into TEST.COUNTRIES (COUNTRY_ID,COUNTRY_CODE,NAME,OFFICIAL_NAME,POPULATION,AREA_SQ_KM,LATITUDE,LONGITUDE,TIMEZONE,REGION_ID) values ('PLW','PW','Palau','Republic of Palau',22000,459,7.51507,134.57524,'Pacific/Melekeok','OC');
Insert into TEST.COUNTRIES (COUNTRY_ID,COUNTRY_CODE,NAME,OFFICIAL_NAME,POPULATION,AREA_SQ_KM,LATITUDE,LONGITUDE,TIMEZONE,REGION_ID) values ('PRY','PY','Paraguay','Republic of Paraguay',7026000,406752,-23.33333,-58,'America/Asuncion','SA');
Insert into TEST.COUNTRIES (COUNTRY_ID,COUNTRY_CODE,NAME,OFFICIAL_NAME,POPULATION,AREA_SQ_KM,LATITUDE,LONGITUDE,TIMEZONE,REGION_ID) values ('QAT','QA','Qatar','State of Qatar',2364000,11586,25.5,51.25,'Asia/Doha','AS');
Insert into TEST.COUNTRIES (COUNTRY_ID,COUNTRY_CODE,NAME,OFFICIAL_NAME,POPULATION,AREA_SQ_KM,LATITUDE,LONGITUDE,TIMEZONE,REGION_ID) values ('ROU','RO','Romania',null,21457000,238391,46,25,'Europe/Bucharest','EU');
Insert into TEST.COUNTRIES (COUNTRY_ID,COUNTRY_CODE,NAME,OFFICIAL_NAME,POPULATION,AREA_SQ_KM,LATITUDE,LONGITUDE,TIMEZONE,REGION_ID) values ('SRB','RS','Serbia','Republic of Serbia',7078000,77474,44.81892,20.45998,'Europe/Belgrade','EU');
Insert into TEST.COUNTRIES (COUNTRY_ID,COUNTRY_CODE,NAME,OFFICIAL_NAME,POPULATION,AREA_SQ_KM,LATITUDE,LONGITUDE,TIMEZONE,REGION_ID) values ('RUS','RU','Russia','Russian Federation',142123000,17098242,60,100,null,'EU');
Insert into TEST.COUNTRIES (COUNTRY_ID,COUNTRY_CODE,NAME,OFFICIAL_NAME,POPULATION,AREA_SQ_KM,LATITUDE,LONGITUDE,TIMEZONE,REGION_ID) values ('RWA','RW','Rwanda','Republic of Rwanda',12187000,26338,-2,30,'Africa/Kigali','AF');
Insert into TEST.COUNTRIES (COUNTRY_ID,COUNTRY_CODE,NAME,OFFICIAL_NAME,POPULATION,AREA_SQ_KM,LATITUDE,LONGITUDE,TIMEZONE,REGION_ID) values ('SAU','SA','Saudi Arabia','Kingdom of Saudi Arabia',33091000,2149690,25,45,'Asia/Riyadh','AS');
Insert into TEST.COUNTRIES (COUNTRY_ID,COUNTRY_CODE,NAME,OFFICIAL_NAME,POPULATION,AREA_SQ_KM,LATITUDE,LONGITUDE,TIMEZONE,REGION_ID) values ('SLB','SB','Solomon Islands',null,660000,28896,-8,159,'Pacific/Guadalcanal','OC');
Insert into TEST.COUNTRIES (COUNTRY_ID,COUNTRY_CODE,NAME,OFFICIAL_NAME,POPULATION,AREA_SQ_KM,LATITUDE,LONGITUDE,TIMEZONE,REGION_ID) values ('SYC','SC','Seychelles','Republic of Seychelles',95000,455,-4.58333,55.66667,'Indian/Mahe','AF');
Insert into TEST.COUNTRIES (COUNTRY_ID,COUNTRY_CODE,NAME,OFFICIAL_NAME,POPULATION,AREA_SQ_KM,LATITUDE,LONGITUDE,TIMEZONE,REGION_ID) values ('SDN','SD','Sudan','Republic of Sudan',43121000,1861484,16,30,'Africa/Khartoum','AF');
Insert into TEST.COUNTRIES (COUNTRY_ID,COUNTRY_CODE,NAME,OFFICIAL_NAME,POPULATION,AREA_SQ_KM,LATITUDE,LONGITUDE,TIMEZONE,REGION_ID) values ('SWE','SE','Sweden','Kingdom of Sweden',10041000,450295,62,15,'Europe/Stockholm','EU');
Insert into TEST.COUNTRIES (COUNTRY_ID,COUNTRY_CODE,NAME,OFFICIAL_NAME,POPULATION,AREA_SQ_KM,LATITUDE,LONGITUDE,TIMEZONE,REGION_ID) values ('SGP','SG','Singapore','Republic of Singapore',5996000,697,1.36667,103.8,'Asia/Singapore','AS');
Insert into TEST.COUNTRIES (COUNTRY_ID,COUNTRY_CODE,NAME,OFFICIAL_NAME,POPULATION,AREA_SQ_KM,LATITUDE,LONGITUDE,TIMEZONE,REGION_ID) values ('SVN','SI','Slovenia','Republic of Slovenia',2102000,20273,46.08333,15,'Europe/Ljubljana','EU');
Insert into TEST.COUNTRIES (COUNTRY_ID,COUNTRY_CODE,NAME,OFFICIAL_NAME,POPULATION,AREA_SQ_KM,LATITUDE,LONGITUDE,TIMEZONE,REGION_ID) values ('SVK','SK','Slovakia','Slovak Republic',5445000,49035,48.66667,19.5,'Europe/Bratislava','EU');
Insert into TEST.COUNTRIES (COUNTRY_ID,COUNTRY_CODE,NAME,OFFICIAL_NAME,POPULATION,AREA_SQ_KM,LATITUDE,LONGITUDE,TIMEZONE,REGION_ID) values ('SLE','SL','Sierra Leone','Republic of Sierra Leone',6312000,71740,8.5,-11.5,'Africa/Freetown','AF');
Insert into TEST.COUNTRIES (COUNTRY_ID,COUNTRY_CODE,NAME,OFFICIAL_NAME,POPULATION,AREA_SQ_KM,LATITUDE,LONGITUDE,TIMEZONE,REGION_ID) values ('SMR','SM','San Marino','Republic of San Marino',34000,61,43.9367,12.4463,'Europe/San_Marino','EU');
Insert into TEST.COUNTRIES (COUNTRY_ID,COUNTRY_CODE,NAME,OFFICIAL_NAME,POPULATION,AREA_SQ_KM,LATITUDE,LONGITUDE,TIMEZONE,REGION_ID) values ('SEN','SN','Senegal','Republic of Senegal',15021000,196722,14.5,-14.25,'Africa/Dakar','AF');
Insert into TEST.COUNTRIES (COUNTRY_ID,COUNTRY_CODE,NAME,OFFICIAL_NAME,POPULATION,AREA_SQ_KM,LATITUDE,LONGITUDE,TIMEZONE,REGION_ID) values ('SOM','SO','Somalia','Federal Republic of Somalia',11259000,637657,6,48,'Africa/Mogadishu','AF');
Insert into TEST.COUNTRIES (COUNTRY_ID,COUNTRY_CODE,NAME,OFFICIAL_NAME,POPULATION,AREA_SQ_KM,LATITUDE,LONGITUDE,TIMEZONE,REGION_ID) values ('SUR','SR','Suriname','Republic of Suriname',598000,163820,4,-56,'America/Paramaribo','SA');
Insert into TEST.COUNTRIES (COUNTRY_ID,COUNTRY_CODE,NAME,OFFICIAL_NAME,POPULATION,AREA_SQ_KM,LATITUDE,LONGITUDE,TIMEZONE,REGION_ID) values ('SSD','SS','South Sudan','Republic of South Sudan',10205000,644329,7.5,30,'Africa/Juba','AF');
Insert into TEST.COUNTRIES (COUNTRY_ID,COUNTRY_CODE,NAME,OFFICIAL_NAME,POPULATION,AREA_SQ_KM,LATITUDE,LONGITUDE,TIMEZONE,REGION_ID) values ('STP','ST','Sao Tome and Principe','Democratic Republic of Sao Tome and Principe',204000,964,1,7,'Africa/Sao_Tome','AF');
Insert into TEST.COUNTRIES (COUNTRY_ID,COUNTRY_CODE,NAME,OFFICIAL_NAME,POPULATION,AREA_SQ_KM,LATITUDE,LONGITUDE,TIMEZONE,REGION_ID) values ('SLV','SV','El Salvador','Republic of El Salvador',6187000,21041,13.83333,-88.91667,'America/El_Salvador','NA');
Insert into TEST.COUNTRIES (COUNTRY_ID,COUNTRY_CODE,NAME,OFFICIAL_NAME,POPULATION,AREA_SQ_KM,LATITUDE,LONGITUDE,TIMEZONE,REGION_ID) values ('SYR','SY','Syria','Syrian Arab Republic',19454000,185180,35,38,'Asia/Damascus','AS');
Insert into TEST.COUNTRIES (COUNTRY_ID,COUNTRY_CODE,NAME,OFFICIAL_NAME,POPULATION,AREA_SQ_KM,LATITUDE,LONGITUDE,TIMEZONE,REGION_ID) values ('SWZ','SZ','Eswatini','Kingdom of Eswatini',1087000,17364,-26.5,31.5,'Africa/Mbabane','AF');
Insert into TEST.COUNTRIES (COUNTRY_ID,COUNTRY_CODE,NAME,OFFICIAL_NAME,POPULATION,AREA_SQ_KM,LATITUDE,LONGITUDE,TIMEZONE,REGION_ID) values ('TCD','TD','Chad','Republic of Chad',15833000,1284000,15,19,'Africa/Ndjamena','AF');
Insert into TEST.COUNTRIES (COUNTRY_ID,COUNTRY_CODE,NAME,OFFICIAL_NAME,POPULATION,AREA_SQ_KM,LATITUDE,LONGITUDE,TIMEZONE,REGION_ID) values ('TGO','TG','Togo','Togolese Republic',8176000,56785,8.66667,1.08333,'Africa/Lome','AF');
Insert into TEST.COUNTRIES (COUNTRY_ID,COUNTRY_CODE,NAME,OFFICIAL_NAME,POPULATION,AREA_SQ_KM,LATITUDE,LONGITUDE,TIMEZONE,REGION_ID) values ('THA','TH','Thailand','Kingdom of Thailand',68616000,513120,15.5,101,'Asia/Bangkok','AS');
Insert into TEST.COUNTRIES (COUNTRY_ID,COUNTRY_CODE,NAME,OFFICIAL_NAME,POPULATION,AREA_SQ_KM,LATITUDE,LONGITUDE,TIMEZONE,REGION_ID) values ('TJK','TJ','Tajikistan','Republic of Tajikistan',8605000,144100,39,71,'Asia/Dushanbe','AS');
Insert into TEST.COUNTRIES (COUNTRY_ID,COUNTRY_CODE,NAME,OFFICIAL_NAME,POPULATION,AREA_SQ_KM,LATITUDE,LONGITUDE,TIMEZONE,REGION_ID) values ('TLS','TL','Timor-Leste','Democratic Republic of Timor-Leste',1322000,14874,-8.83333,125.75,'Asia/Dili','AS');
Insert into TEST.COUNTRIES (COUNTRY_ID,COUNTRY_CODE,NAME,OFFICIAL_NAME,POPULATION,AREA_SQ_KM,LATITUDE,LONGITUDE,TIMEZONE,REGION_ID) values ('TKM','TM','Turkmenistan',null,5411000,488100,39.75,59.66667,'Asia/Ashgabat','AS');
Insert into TEST.COUNTRIES (COUNTRY_ID,COUNTRY_CODE,NAME,OFFICIAL_NAME,POPULATION,AREA_SQ_KM,LATITUDE,LONGITUDE,TIMEZONE,REGION_ID) values ('TUN','TN','Tunisia','Republic of Tunisia',11516000,163610,34,9,'Africa/Tunis','AF');
Insert into TEST.COUNTRIES (COUNTRY_ID,COUNTRY_CODE,NAME,OFFICIAL_NAME,POPULATION,AREA_SQ_KM,LATITUDE,LONGITUDE,TIMEZONE,REGION_ID) values ('TON','TO','Tonga','Kingdom of Tonga',106000,747,-20,-175,'Pacific/Tongatapu','OC');
Insert into TEST.COUNTRIES (COUNTRY_ID,COUNTRY_CODE,NAME,OFFICIAL_NAME,POPULATION,AREA_SQ_KM,LATITUDE,LONGITUDE,TIMEZONE,REGION_ID) values ('TUR','TR','Turkey','Republic of Turkey',81257000,783562,39,35,'Europe/Istanbul','AS');
Insert into TEST.COUNTRIES (COUNTRY_ID,COUNTRY_CODE,NAME,OFFICIAL_NAME,POPULATION,AREA_SQ_KM,LATITUDE,LONGITUDE,TIMEZONE,REGION_ID) values ('TTO','TT','Trinidad and Tobago','Republic of Trinidad and Tobago',1216000,5128,11,-61,'America/Port_of_Spain','NA');
Insert into TEST.COUNTRIES (COUNTRY_ID,COUNTRY_CODE,NAME,OFFICIAL_NAME,POPULATION,AREA_SQ_KM,LATITUDE,LONGITUDE,TIMEZONE,REGION_ID) values ('TUV','TV','Tuvalu',null,11000,26,-8.51719,179.14478,'Pacific/Funafuti','OC');
Insert into TEST.COUNTRIES (COUNTRY_ID,COUNTRY_CODE,NAME,OFFICIAL_NAME,POPULATION,AREA_SQ_KM,LATITUDE,LONGITUDE,TIMEZONE,REGION_ID) values ('TWN','TW','Taiwan',null,23546000,35980,24,121,'Asia/Taipei','AS');
Insert into TEST.COUNTRIES (COUNTRY_ID,COUNTRY_CODE,NAME,OFFICIAL_NAME,POPULATION,AREA_SQ_KM,LATITUDE,LONGITUDE,TIMEZONE,REGION_ID) values ('TZA','TZ','Tanzania','United Republic of Tanzania',55451000,947300,-6,35,'Africa/Dar_es_Salaam','AF');
Insert into TEST.COUNTRIES (COUNTRY_ID,COUNTRY_CODE,NAME,OFFICIAL_NAME,POPULATION,AREA_SQ_KM,LATITUDE,LONGITUDE,TIMEZONE,REGION_ID) values ('UKR','UA','Ukraine',null,43952000,603550,49,32,null,'EU');
Insert into TEST.COUNTRIES (COUNTRY_ID,COUNTRY_CODE,NAME,OFFICIAL_NAME,POPULATION,AREA_SQ_KM,LATITUDE,LONGITUDE,TIMEZONE,REGION_ID) values ('UGA','UG','Uganda','Republic of Uganda',40854000,241038,1.25,32.5,'Africa/Kampala','AF');
Insert into TEST.COUNTRIES (COUNTRY_ID,COUNTRY_CODE,NAME,OFFICIAL_NAME,POPULATION,AREA_SQ_KM,LATITUDE,LONGITUDE,TIMEZONE,REGION_ID) values ('USA','US','United States','United States of America',329256000,9833517,39.76,-98.5,null,'NA');
Insert into TEST.COUNTRIES (COUNTRY_ID,COUNTRY_CODE,NAME,OFFICIAL_NAME,POPULATION,AREA_SQ_KM,LATITUDE,LONGITUDE,TIMEZONE,REGION_ID) values ('URY','UY','Uruguay','Oriental Republic of Uruguay',3369000,176215,-33,-56,'America/Montevideo','SA');
Insert into TEST.COUNTRIES (COUNTRY_ID,COUNTRY_CODE,NAME,OFFICIAL_NAME,POPULATION,AREA_SQ_KM,LATITUDE,LONGITUDE,TIMEZONE,REGION_ID) values ('UZB','UZ','Uzbekistan','Republic of Uzbekistan',30024000,447400,41.66667,63.83333,null,'AS');
Insert into TEST.COUNTRIES (COUNTRY_ID,COUNTRY_CODE,NAME,OFFICIAL_NAME,POPULATION,AREA_SQ_KM,LATITUDE,LONGITUDE,TIMEZONE,REGION_ID) values ('VAT','VA','Vatican City','Vatican City State',1000,0.44,41.90225,12.4533,'Europe/Vatican','EU');
Insert into TEST.COUNTRIES (COUNTRY_ID,COUNTRY_CODE,NAME,OFFICIAL_NAME,POPULATION,AREA_SQ_KM,LATITUDE,LONGITUDE,TIMEZONE,REGION_ID) values ('VCT','VC','Saint Vincent and the Grenadines',null,102000,389,13.08333,-61.2,'America/St_Vincent','NA');
Insert into TEST.COUNTRIES (COUNTRY_ID,COUNTRY_CODE,NAME,OFFICIAL_NAME,POPULATION,AREA_SQ_KM,LATITUDE,LONGITUDE,TIMEZONE,REGION_ID) values ('VEN','VE','Venezuela','Bolivarian Republic of Venezuela',31689000,912050,8,-66,'America/Caracas','SA');
Insert into TEST.COUNTRIES (COUNTRY_ID,COUNTRY_CODE,NAME,OFFICIAL_NAME,POPULATION,AREA_SQ_KM,LATITUDE,LONGITUDE,TIMEZONE,REGION_ID) values ('VNM','VN','Vietnam','Socialist Republic of Vietnam',97040000,331210,16.16667,107.83333,'Asia/Ho_Chi_Minh','AS');
Insert into TEST.COUNTRIES (COUNTRY_ID,COUNTRY_CODE,NAME,OFFICIAL_NAME,POPULATION,AREA_SQ_KM,LATITUDE,LONGITUDE,TIMEZONE,REGION_ID) values ('VUT','VU','Vanuatu','Republic of Vanuatu',288000,12189,-16,167,'Pacific/Efate','OC');
Insert into TEST.COUNTRIES (COUNTRY_ID,COUNTRY_CODE,NAME,OFFICIAL_NAME,POPULATION,AREA_SQ_KM,LATITUDE,LONGITUDE,TIMEZONE,REGION_ID) values ('WSM','WS','Samoa','Independent State of Samoa',201000,2831,-13.8,-172.13333,'Pacific/Apia','OC');
Insert into TEST.COUNTRIES (COUNTRY_ID,COUNTRY_CODE,NAME,OFFICIAL_NAME,POPULATION,AREA_SQ_KM,LATITUDE,LONGITUDE,TIMEZONE,REGION_ID) values ('XKX','XK','Kosovo','Republic of Kosovo',1908000,10887,42.58333,20.91667,'Europe/Belgrade','EU');
Insert into TEST.COUNTRIES (COUNTRY_ID,COUNTRY_CODE,NAME,OFFICIAL_NAME,POPULATION,AREA_SQ_KM,LATITUDE,LONGITUDE,TIMEZONE,REGION_ID) values ('YEM','YE','Yemen','Republic of Yemen',28667000,527968,15.5,47.5,'Asia/Aden','AS');
Insert into TEST.COUNTRIES (COUNTRY_ID,COUNTRY_CODE,NAME,OFFICIAL_NAME,POPULATION,AREA_SQ_KM,LATITUDE,LONGITUDE,TIMEZONE,REGION_ID) values ('ZAF','ZA','South Africa','Republic of South Africa',55380000,1219090,-29,24,'Africa/Johannesburg','AF');
Insert into TEST.COUNTRIES (COUNTRY_ID,COUNTRY_CODE,NAME,OFFICIAL_NAME,POPULATION,AREA_SQ_KM,LATITUDE,LONGITUDE,TIMEZONE,REGION_ID) values ('ZMB','ZM','Zambia','Republic of Zambia',16445000,752618,-14.33333,28.5,'Africa/Lusaka','AF');
Insert into TEST.COUNTRIES (COUNTRY_ID,COUNTRY_CODE,NAME,OFFICIAL_NAME,POPULATION,AREA_SQ_KM,LATITUDE,LONGITUDE,TIMEZONE,REGION_ID) values ('ZWE','ZW','Zimbabwe','Republic of Zimbabwe',14030000,390757,-19,29.75,'Africa/Harare','AF');
REM INSERTING into TEST.CURRENCIES
SET DEFINE OFF;
Insert into TEST.CURRENCIES (CURRENCY_ID,NAME,OFFICIAL_NAME,SYMBOL) values ('AED','UAE Dirham',null,'د.إ');
Insert into TEST.CURRENCIES (CURRENCY_ID,NAME,OFFICIAL_NAME,SYMBOL) values ('AFN','Afghani',null,'؋');
Insert into TEST.CURRENCIES (CURRENCY_ID,NAME,OFFICIAL_NAME,SYMBOL) values ('ALL','Lek',null,'L');
Insert into TEST.CURRENCIES (CURRENCY_ID,NAME,OFFICIAL_NAME,SYMBOL) values ('AMD','Armenian Dram',null,'֏');
Insert into TEST.CURRENCIES (CURRENCY_ID,NAME,OFFICIAL_NAME,SYMBOL) values ('AOA','Kwanza',null,'Kz');
Insert into TEST.CURRENCIES (CURRENCY_ID,NAME,OFFICIAL_NAME,SYMBOL) values ('ARS','Argentine Peso',null,'$');
Insert into TEST.CURRENCIES (CURRENCY_ID,NAME,OFFICIAL_NAME,SYMBOL) values ('AUD','Australian Dollar',null,'$');
Insert into TEST.CURRENCIES (CURRENCY_ID,NAME,OFFICIAL_NAME,SYMBOL) values ('AZN','Azerbaijani Manat',null,'₼');
Insert into TEST.CURRENCIES (CURRENCY_ID,NAME,OFFICIAL_NAME,SYMBOL) values ('BAM','Convertible Mark',null,'КМ');
Insert into TEST.CURRENCIES (CURRENCY_ID,NAME,OFFICIAL_NAME,SYMBOL) values ('BBD','Barbados Dollar',null,'$');
Insert into TEST.CURRENCIES (CURRENCY_ID,NAME,OFFICIAL_NAME,SYMBOL) values ('BDT','Taka',null,'৳');
Insert into TEST.CURRENCIES (CURRENCY_ID,NAME,OFFICIAL_NAME,SYMBOL) values ('BGN','Bulgarian Lev',null,'лв');
Insert into TEST.CURRENCIES (CURRENCY_ID,NAME,OFFICIAL_NAME,SYMBOL) values ('BHD','Bahraini Dinar',null,'د.ب');
Insert into TEST.CURRENCIES (CURRENCY_ID,NAME,OFFICIAL_NAME,SYMBOL) values ('BIF','Burundi Franc',null,'FBu');
Insert into TEST.CURRENCIES (CURRENCY_ID,NAME,OFFICIAL_NAME,SYMBOL) values ('BND','Brunei Dollar',null,'$');
Insert into TEST.CURRENCIES (CURRENCY_ID,NAME,OFFICIAL_NAME,SYMBOL) values ('BOB','Boliviano',null,'Bs.');
Insert into TEST.CURRENCIES (CURRENCY_ID,NAME,OFFICIAL_NAME,SYMBOL) values ('BRL','Brazilian Real',null,'R$');
Insert into TEST.CURRENCIES (CURRENCY_ID,NAME,OFFICIAL_NAME,SYMBOL) values ('BSD','Bahamian Dollar',null,'$');
Insert into TEST.CURRENCIES (CURRENCY_ID,NAME,OFFICIAL_NAME,SYMBOL) values ('BTN','Ngultrum',null,'Nu.');
Insert into TEST.CURRENCIES (CURRENCY_ID,NAME,OFFICIAL_NAME,SYMBOL) values ('BWP','Pula',null,'P');
Insert into TEST.CURRENCIES (CURRENCY_ID,NAME,OFFICIAL_NAME,SYMBOL) values ('BYN','Belarusian Ruble',null,'Br');
Insert into TEST.CURRENCIES (CURRENCY_ID,NAME,OFFICIAL_NAME,SYMBOL) values ('BZD','Belize Dollar',null,'$');
Insert into TEST.CURRENCIES (CURRENCY_ID,NAME,OFFICIAL_NAME,SYMBOL) values ('CAD','Canadian Dollar',null,'$');
Insert into TEST.CURRENCIES (CURRENCY_ID,NAME,OFFICIAL_NAME,SYMBOL) values ('CDF','Congolese Franc',null,'FC');
Insert into TEST.CURRENCIES (CURRENCY_ID,NAME,OFFICIAL_NAME,SYMBOL) values ('CHF','Swiss Franc',null,'CHF');
Insert into TEST.CURRENCIES (CURRENCY_ID,NAME,OFFICIAL_NAME,SYMBOL) values ('CLP','Chilean Peso',null,'$');
Insert into TEST.CURRENCIES (CURRENCY_ID,NAME,OFFICIAL_NAME,SYMBOL) values ('CNY','Yuan Renminbi',null,'¥');
Insert into TEST.CURRENCIES (CURRENCY_ID,NAME,OFFICIAL_NAME,SYMBOL) values ('COP','Colombian Peso',null,'$');
Insert into TEST.CURRENCIES (CURRENCY_ID,NAME,OFFICIAL_NAME,SYMBOL) values ('CRC','Costa Rican Colon','Costa Rican Colón','₡');
Insert into TEST.CURRENCIES (CURRENCY_ID,NAME,OFFICIAL_NAME,SYMBOL) values ('CUC','Peso Convertible',null,'$');
Insert into TEST.CURRENCIES (CURRENCY_ID,NAME,OFFICIAL_NAME,SYMBOL) values ('CUP','Cuban Peso',null,'$');
Insert into TEST.CURRENCIES (CURRENCY_ID,NAME,OFFICIAL_NAME,SYMBOL) values ('CVE','Cabo Verde Escudo',null,'$');
Insert into TEST.CURRENCIES (CURRENCY_ID,NAME,OFFICIAL_NAME,SYMBOL) values ('CZK','Czech Koruna',null,'Kč');
Insert into TEST.CURRENCIES (CURRENCY_ID,NAME,OFFICIAL_NAME,SYMBOL) values ('DJF','Djibouti Franc',null,'Fdj');
Insert into TEST.CURRENCIES (CURRENCY_ID,NAME,OFFICIAL_NAME,SYMBOL) values ('DKK','Danish Krone',null,'kr.');
Insert into TEST.CURRENCIES (CURRENCY_ID,NAME,OFFICIAL_NAME,SYMBOL) values ('DOP','Dominican Peso',null,'$');
Insert into TEST.CURRENCIES (CURRENCY_ID,NAME,OFFICIAL_NAME,SYMBOL) values ('DZD','Algerian Dinar',null,'دج');
Insert into TEST.CURRENCIES (CURRENCY_ID,NAME,OFFICIAL_NAME,SYMBOL) values ('EGP','Egyptian Pound',null,'E£');
Insert into TEST.CURRENCIES (CURRENCY_ID,NAME,OFFICIAL_NAME,SYMBOL) values ('ERN','Nakfa',null,'Nkf');
Insert into TEST.CURRENCIES (CURRENCY_ID,NAME,OFFICIAL_NAME,SYMBOL) values ('ETB','Ethiopian Birr',null,'Br');
Insert into TEST.CURRENCIES (CURRENCY_ID,NAME,OFFICIAL_NAME,SYMBOL) values ('EUR','Euro',null,'€');
Insert into TEST.CURRENCIES (CURRENCY_ID,NAME,OFFICIAL_NAME,SYMBOL) values ('FJD','Fiji Dollar',null,'FJ$');
Insert into TEST.CURRENCIES (CURRENCY_ID,NAME,OFFICIAL_NAME,SYMBOL) values ('GBP','Pound Sterling',null,'£');
Insert into TEST.CURRENCIES (CURRENCY_ID,NAME,OFFICIAL_NAME,SYMBOL) values ('GEL','Lari',null,'₾');
Insert into TEST.CURRENCIES (CURRENCY_ID,NAME,OFFICIAL_NAME,SYMBOL) values ('GHS','Ghana Cedi',null,'GH₵');
Insert into TEST.CURRENCIES (CURRENCY_ID,NAME,OFFICIAL_NAME,SYMBOL) values ('GMD','Dalasi',null,'D');
Insert into TEST.CURRENCIES (CURRENCY_ID,NAME,OFFICIAL_NAME,SYMBOL) values ('GNF','Guinea Franc',null,'FG');
Insert into TEST.CURRENCIES (CURRENCY_ID,NAME,OFFICIAL_NAME,SYMBOL) values ('GTQ','Quetzal',null,'Q');
Insert into TEST.CURRENCIES (CURRENCY_ID,NAME,OFFICIAL_NAME,SYMBOL) values ('GYD','Guyana Dollar',null,'$');
Insert into TEST.CURRENCIES (CURRENCY_ID,NAME,OFFICIAL_NAME,SYMBOL) values ('HNL','Lempira',null,'L');
Insert into TEST.CURRENCIES (CURRENCY_ID,NAME,OFFICIAL_NAME,SYMBOL) values ('HRK','Kuna',null,'kn');
Insert into TEST.CURRENCIES (CURRENCY_ID,NAME,OFFICIAL_NAME,SYMBOL) values ('HTG','Gourde',null,'G');
Insert into TEST.CURRENCIES (CURRENCY_ID,NAME,OFFICIAL_NAME,SYMBOL) values ('HUF','Forint',null,'Ft');
Insert into TEST.CURRENCIES (CURRENCY_ID,NAME,OFFICIAL_NAME,SYMBOL) values ('IDR','Rupiah',null,'Rp');
Insert into TEST.CURRENCIES (CURRENCY_ID,NAME,OFFICIAL_NAME,SYMBOL) values ('ILS','New Israeli Sheqel',null,'₪');
Insert into TEST.CURRENCIES (CURRENCY_ID,NAME,OFFICIAL_NAME,SYMBOL) values ('INR','Indian Rupee',null,'₹');
Insert into TEST.CURRENCIES (CURRENCY_ID,NAME,OFFICIAL_NAME,SYMBOL) values ('IQD','Iraqi Dinar',null,'د.ع');
Insert into TEST.CURRENCIES (CURRENCY_ID,NAME,OFFICIAL_NAME,SYMBOL) values ('IRR','Iranian Rial',null,'﷼');
Insert into TEST.CURRENCIES (CURRENCY_ID,NAME,OFFICIAL_NAME,SYMBOL) values ('ISK','Iceland Krona',null,'kr');
Insert into TEST.CURRENCIES (CURRENCY_ID,NAME,OFFICIAL_NAME,SYMBOL) values ('JMD','Jamaican Dollar',null,'$');
Insert into TEST.CURRENCIES (CURRENCY_ID,NAME,OFFICIAL_NAME,SYMBOL) values ('JOD','Jordanian Dinar',null,'د.أ');
Insert into TEST.CURRENCIES (CURRENCY_ID,NAME,OFFICIAL_NAME,SYMBOL) values ('JPY','Yen',null,'¥');
Insert into TEST.CURRENCIES (CURRENCY_ID,NAME,OFFICIAL_NAME,SYMBOL) values ('KES','Kenyan Shilling',null,'KSh');
Insert into TEST.CURRENCIES (CURRENCY_ID,NAME,OFFICIAL_NAME,SYMBOL) values ('KGS','Som',null,'сом');
Insert into TEST.CURRENCIES (CURRENCY_ID,NAME,OFFICIAL_NAME,SYMBOL) values ('KHR','Riel',null,'៛');
Insert into TEST.CURRENCIES (CURRENCY_ID,NAME,OFFICIAL_NAME,SYMBOL) values ('KMF','Comoro Franc',null,'CF');
Insert into TEST.CURRENCIES (CURRENCY_ID,NAME,OFFICIAL_NAME,SYMBOL) values ('KPW','North Korean Won',null,'₩');
Insert into TEST.CURRENCIES (CURRENCY_ID,NAME,OFFICIAL_NAME,SYMBOL) values ('KRW','Won',null,'₩');
Insert into TEST.CURRENCIES (CURRENCY_ID,NAME,OFFICIAL_NAME,SYMBOL) values ('KWD','Kuwaiti Dinar',null,'د.ك');
Insert into TEST.CURRENCIES (CURRENCY_ID,NAME,OFFICIAL_NAME,SYMBOL) values ('KZT','Tenge',null,'₸');
Insert into TEST.CURRENCIES (CURRENCY_ID,NAME,OFFICIAL_NAME,SYMBOL) values ('LAK','Lao Kip',null,'₭');
Insert into TEST.CURRENCIES (CURRENCY_ID,NAME,OFFICIAL_NAME,SYMBOL) values ('LBP','Lebanese Pound',null,'ل.ل.');
Insert into TEST.CURRENCIES (CURRENCY_ID,NAME,OFFICIAL_NAME,SYMBOL) values ('LKR','Sri Lanka Rupee',null,'₨');
Insert into TEST.CURRENCIES (CURRENCY_ID,NAME,OFFICIAL_NAME,SYMBOL) values ('LRD','Liberian Dollar',null,'L$');
Insert into TEST.CURRENCIES (CURRENCY_ID,NAME,OFFICIAL_NAME,SYMBOL) values ('LSL','Loti',null,'L');
Insert into TEST.CURRENCIES (CURRENCY_ID,NAME,OFFICIAL_NAME,SYMBOL) values ('LYD','Libyan Dinar',null,'ل.د');
Insert into TEST.CURRENCIES (CURRENCY_ID,NAME,OFFICIAL_NAME,SYMBOL) values ('MAD','Moroccan Dirham',null,'DH');
Insert into TEST.CURRENCIES (CURRENCY_ID,NAME,OFFICIAL_NAME,SYMBOL) values ('MDL','Moldovan Leu',null,'L');
Insert into TEST.CURRENCIES (CURRENCY_ID,NAME,OFFICIAL_NAME,SYMBOL) values ('MGA','Malagasy Ariary',null,'Ar');
Insert into TEST.CURRENCIES (CURRENCY_ID,NAME,OFFICIAL_NAME,SYMBOL) values ('MKD','Denar',null,'den');
Insert into TEST.CURRENCIES (CURRENCY_ID,NAME,OFFICIAL_NAME,SYMBOL) values ('MMK','Kyat',null,'K');
Insert into TEST.CURRENCIES (CURRENCY_ID,NAME,OFFICIAL_NAME,SYMBOL) values ('MNT','Tugrik',null,'₮');
Insert into TEST.CURRENCIES (CURRENCY_ID,NAME,OFFICIAL_NAME,SYMBOL) values ('MRU','Ouguiya',null,'UM');
Insert into TEST.CURRENCIES (CURRENCY_ID,NAME,OFFICIAL_NAME,SYMBOL) values ('MUR','Mauritius Rupee',null,'₨');
Insert into TEST.CURRENCIES (CURRENCY_ID,NAME,OFFICIAL_NAME,SYMBOL) values ('MVR','Rufiyaa',null,'Rf');
Insert into TEST.CURRENCIES (CURRENCY_ID,NAME,OFFICIAL_NAME,SYMBOL) values ('MWK','Malawian Kwacha',null,'K');
Insert into TEST.CURRENCIES (CURRENCY_ID,NAME,OFFICIAL_NAME,SYMBOL) values ('MXN','Mexican Peso',null,'$');
Insert into TEST.CURRENCIES (CURRENCY_ID,NAME,OFFICIAL_NAME,SYMBOL) values ('MYR','Malaysian Ringgit',null,'RM');
Insert into TEST.CURRENCIES (CURRENCY_ID,NAME,OFFICIAL_NAME,SYMBOL) values ('MZN','Mozambique Metical',null,'MT');
Insert into TEST.CURRENCIES (CURRENCY_ID,NAME,OFFICIAL_NAME,SYMBOL) values ('NAD','Namibian Dollar',null,'N$');
Insert into TEST.CURRENCIES (CURRENCY_ID,NAME,OFFICIAL_NAME,SYMBOL) values ('NGN','Naira',null,'₦');
Insert into TEST.CURRENCIES (CURRENCY_ID,NAME,OFFICIAL_NAME,SYMBOL) values ('NIO','Cordoba Oro','Córdoba Oro','C$');
Insert into TEST.CURRENCIES (CURRENCY_ID,NAME,OFFICIAL_NAME,SYMBOL) values ('NOK','Norwegian Krone',null,'kr');
Insert into TEST.CURRENCIES (CURRENCY_ID,NAME,OFFICIAL_NAME,SYMBOL) values ('NPR','Nepalese Rupee',null,'₨');
Insert into TEST.CURRENCIES (CURRENCY_ID,NAME,OFFICIAL_NAME,SYMBOL) values ('NZD','New Zealand Dollar',null,'$');
Insert into TEST.CURRENCIES (CURRENCY_ID,NAME,OFFICIAL_NAME,SYMBOL) values ('OMR','Rial Omani',null,'ر.ع.');
Insert into TEST.CURRENCIES (CURRENCY_ID,NAME,OFFICIAL_NAME,SYMBOL) values ('PEN','Sol',null,'S/');
Insert into TEST.CURRENCIES (CURRENCY_ID,NAME,OFFICIAL_NAME,SYMBOL) values ('PGK','Kina',null,'K');
Insert into TEST.CURRENCIES (CURRENCY_ID,NAME,OFFICIAL_NAME,SYMBOL) values ('PHP','Philippine Peso',null,'₱');
Insert into TEST.CURRENCIES (CURRENCY_ID,NAME,OFFICIAL_NAME,SYMBOL) values ('PKR','Pakistan Rupee',null,'₨');
Insert into TEST.CURRENCIES (CURRENCY_ID,NAME,OFFICIAL_NAME,SYMBOL) values ('PLN','Zloty','Złoty','zł');
Insert into TEST.CURRENCIES (CURRENCY_ID,NAME,OFFICIAL_NAME,SYMBOL) values ('PYG','Guarani','Guaraní','₲');
Insert into TEST.CURRENCIES (CURRENCY_ID,NAME,OFFICIAL_NAME,SYMBOL) values ('QAR','Qatari Rial',null,'ر.ق');
Insert into TEST.CURRENCIES (CURRENCY_ID,NAME,OFFICIAL_NAME,SYMBOL) values ('RON','Romanian Leu',null,'L');
Insert into TEST.CURRENCIES (CURRENCY_ID,NAME,OFFICIAL_NAME,SYMBOL) values ('RSD','Serbian Dinar',null,'дин');
Insert into TEST.CURRENCIES (CURRENCY_ID,NAME,OFFICIAL_NAME,SYMBOL) values ('RUB','Russian Ruble',null,'₽');
Insert into TEST.CURRENCIES (CURRENCY_ID,NAME,OFFICIAL_NAME,SYMBOL) values ('RWF','Rwanda Franc',null,'FRw');
Insert into TEST.CURRENCIES (CURRENCY_ID,NAME,OFFICIAL_NAME,SYMBOL) values ('SAR','Saudi Riyal',null,'ر.س');
Insert into TEST.CURRENCIES (CURRENCY_ID,NAME,OFFICIAL_NAME,SYMBOL) values ('SBD','Solomon Islands Dollar',null,'$');
Insert into TEST.CURRENCIES (CURRENCY_ID,NAME,OFFICIAL_NAME,SYMBOL) values ('SCR','Seychelles Rupee',null,'SRe');
Insert into TEST.CURRENCIES (CURRENCY_ID,NAME,OFFICIAL_NAME,SYMBOL) values ('SDG','Sudanese Pound',null,'ج.س');
Insert into TEST.CURRENCIES (CURRENCY_ID,NAME,OFFICIAL_NAME,SYMBOL) values ('SEK','Swedish Krona',null,'kr');
Insert into TEST.CURRENCIES (CURRENCY_ID,NAME,OFFICIAL_NAME,SYMBOL) values ('SGD','Singapore Dollar',null,'S$');
Insert into TEST.CURRENCIES (CURRENCY_ID,NAME,OFFICIAL_NAME,SYMBOL) values ('SLL','Leone',null,'Le');
Insert into TEST.CURRENCIES (CURRENCY_ID,NAME,OFFICIAL_NAME,SYMBOL) values ('SOS','Somali Shilling',null,'Sh.So.');
Insert into TEST.CURRENCIES (CURRENCY_ID,NAME,OFFICIAL_NAME,SYMBOL) values ('SRD','Surinam Dollar',null,'$');
Insert into TEST.CURRENCIES (CURRENCY_ID,NAME,OFFICIAL_NAME,SYMBOL) values ('SSP','South Sudanese Pound',null,'SS£');
Insert into TEST.CURRENCIES (CURRENCY_ID,NAME,OFFICIAL_NAME,SYMBOL) values ('STN','Dobra',null,'Db');
Insert into TEST.CURRENCIES (CURRENCY_ID,NAME,OFFICIAL_NAME,SYMBOL) values ('SVC','El Salvador Colon','El Salvador Colón','₡');
Insert into TEST.CURRENCIES (CURRENCY_ID,NAME,OFFICIAL_NAME,SYMBOL) values ('SYP','Syrian Pound',null,'LS');
Insert into TEST.CURRENCIES (CURRENCY_ID,NAME,OFFICIAL_NAME,SYMBOL) values ('SZL','Lilangeni',null,'L');
Insert into TEST.CURRENCIES (CURRENCY_ID,NAME,OFFICIAL_NAME,SYMBOL) values ('THB','Baht',null,'฿');
Insert into TEST.CURRENCIES (CURRENCY_ID,NAME,OFFICIAL_NAME,SYMBOL) values ('TJS','Somoni',null,'SM');
Insert into TEST.CURRENCIES (CURRENCY_ID,NAME,OFFICIAL_NAME,SYMBOL) values ('TMT','Turkmenistan New Manat',null,'T');
Insert into TEST.CURRENCIES (CURRENCY_ID,NAME,OFFICIAL_NAME,SYMBOL) values ('TND','Tunisian Dinar',null,'د.ت');
Insert into TEST.CURRENCIES (CURRENCY_ID,NAME,OFFICIAL_NAME,SYMBOL) values ('TOP','Pa''anga','Pa’anga','T$');
Insert into TEST.CURRENCIES (CURRENCY_ID,NAME,OFFICIAL_NAME,SYMBOL) values ('TRY','Turkish Lira',null,'₺');
Insert into TEST.CURRENCIES (CURRENCY_ID,NAME,OFFICIAL_NAME,SYMBOL) values ('TTD','Trinidad and Tobago Dollar',null,'TT$');
Insert into TEST.CURRENCIES (CURRENCY_ID,NAME,OFFICIAL_NAME,SYMBOL) values ('TWD','New Taiwan Dollar',null,'$');
Insert into TEST.CURRENCIES (CURRENCY_ID,NAME,OFFICIAL_NAME,SYMBOL) values ('TZS','Tanzanian Shilling',null,'TSh');
Insert into TEST.CURRENCIES (CURRENCY_ID,NAME,OFFICIAL_NAME,SYMBOL) values ('UAH','Hryvnia',null,'₴');
Insert into TEST.CURRENCIES (CURRENCY_ID,NAME,OFFICIAL_NAME,SYMBOL) values ('UGX','Uganda Shilling',null,'USh');
Insert into TEST.CURRENCIES (CURRENCY_ID,NAME,OFFICIAL_NAME,SYMBOL) values ('USD','United States Dollar',null,'$');
Insert into TEST.CURRENCIES (CURRENCY_ID,NAME,OFFICIAL_NAME,SYMBOL) values ('UYU','Peso Uruguayo',null,'$U');
Insert into TEST.CURRENCIES (CURRENCY_ID,NAME,OFFICIAL_NAME,SYMBOL) values ('UZS','Uzbekistan Sum',null,'лв');
Insert into TEST.CURRENCIES (CURRENCY_ID,NAME,OFFICIAL_NAME,SYMBOL) values ('VES','Bolivar Soberano','Bolívar Soberano','Bs.S.');
Insert into TEST.CURRENCIES (CURRENCY_ID,NAME,OFFICIAL_NAME,SYMBOL) values ('VND','Dong',null,'₫');
Insert into TEST.CURRENCIES (CURRENCY_ID,NAME,OFFICIAL_NAME,SYMBOL) values ('VUV','Vatu',null,'VT');
Insert into TEST.CURRENCIES (CURRENCY_ID,NAME,OFFICIAL_NAME,SYMBOL) values ('WST','Samoan Tala',null,'WS$');
Insert into TEST.CURRENCIES (CURRENCY_ID,NAME,OFFICIAL_NAME,SYMBOL) values ('XAF','Central African CFA Franc',null,'₣');
Insert into TEST.CURRENCIES (CURRENCY_ID,NAME,OFFICIAL_NAME,SYMBOL) values ('XCD','East Caribbean Dollar',null,'$');
Insert into TEST.CURRENCIES (CURRENCY_ID,NAME,OFFICIAL_NAME,SYMBOL) values ('XOF','West African CFA Franc',null,'CFA');
Insert into TEST.CURRENCIES (CURRENCY_ID,NAME,OFFICIAL_NAME,SYMBOL) values ('YER','Yemeni Rial',null,'ر.ي');
Insert into TEST.CURRENCIES (CURRENCY_ID,NAME,OFFICIAL_NAME,SYMBOL) values ('ZAR','Rand',null,'R');
Insert into TEST.CURRENCIES (CURRENCY_ID,NAME,OFFICIAL_NAME,SYMBOL) values ('ZMW','Zambian Kwacha',null,'K');
Insert into TEST.CURRENCIES (CURRENCY_ID,NAME,OFFICIAL_NAME,SYMBOL) values ('ZWL','Zimbabwe Dollar',null,'$');
REM INSERTING into TEST.CURRENCIES_COUNTRIES
SET DEFINE OFF;
Insert into TEST.CURRENCIES_COUNTRIES (CURRENCY_ID,COUNTRY_ID) values ('AED','ARE');
Insert into TEST.CURRENCIES_COUNTRIES (CURRENCY_ID,COUNTRY_ID) values ('AFN','AFG');
Insert into TEST.CURRENCIES_COUNTRIES (CURRENCY_ID,COUNTRY_ID) values ('ALL','ALB');
Insert into TEST.CURRENCIES_COUNTRIES (CURRENCY_ID,COUNTRY_ID) values ('AMD','ARM');
Insert into TEST.CURRENCIES_COUNTRIES (CURRENCY_ID,COUNTRY_ID) values ('AOA','AGO');
Insert into TEST.CURRENCIES_COUNTRIES (CURRENCY_ID,COUNTRY_ID) values ('ARS','ARG');
Insert into TEST.CURRENCIES_COUNTRIES (CURRENCY_ID,COUNTRY_ID) values ('AUD','AUS');
Insert into TEST.CURRENCIES_COUNTRIES (CURRENCY_ID,COUNTRY_ID) values ('AUD','KIR');
Insert into TEST.CURRENCIES_COUNTRIES (CURRENCY_ID,COUNTRY_ID) values ('AUD','NRU');
Insert into TEST.CURRENCIES_COUNTRIES (CURRENCY_ID,COUNTRY_ID) values ('AUD','TUV');
Insert into TEST.CURRENCIES_COUNTRIES (CURRENCY_ID,COUNTRY_ID) values ('AZN','AZE');
Insert into TEST.CURRENCIES_COUNTRIES (CURRENCY_ID,COUNTRY_ID) values ('BAM','BIH');
Insert into TEST.CURRENCIES_COUNTRIES (CURRENCY_ID,COUNTRY_ID) values ('BBD','BRB');
Insert into TEST.CURRENCIES_COUNTRIES (CURRENCY_ID,COUNTRY_ID) values ('BDT','BGD');
Insert into TEST.CURRENCIES_COUNTRIES (CURRENCY_ID,COUNTRY_ID) values ('BGN','BGR');
Insert into TEST.CURRENCIES_COUNTRIES (CURRENCY_ID,COUNTRY_ID) values ('BHD','BHR');
Insert into TEST.CURRENCIES_COUNTRIES (CURRENCY_ID,COUNTRY_ID) values ('BIF','BDI');
Insert into TEST.CURRENCIES_COUNTRIES (CURRENCY_ID,COUNTRY_ID) values ('BND','BRN');
Insert into TEST.CURRENCIES_COUNTRIES (CURRENCY_ID,COUNTRY_ID) values ('BOB','BOL');
Insert into TEST.CURRENCIES_COUNTRIES (CURRENCY_ID,COUNTRY_ID) values ('BRL','BRA');
Insert into TEST.CURRENCIES_COUNTRIES (CURRENCY_ID,COUNTRY_ID) values ('BSD','BHS');
Insert into TEST.CURRENCIES_COUNTRIES (CURRENCY_ID,COUNTRY_ID) values ('BTN','BTN');
Insert into TEST.CURRENCIES_COUNTRIES (CURRENCY_ID,COUNTRY_ID) values ('BWP','BWA');
Insert into TEST.CURRENCIES_COUNTRIES (CURRENCY_ID,COUNTRY_ID) values ('BYN','BLR');
Insert into TEST.CURRENCIES_COUNTRIES (CURRENCY_ID,COUNTRY_ID) values ('BZD','BLZ');
Insert into TEST.CURRENCIES_COUNTRIES (CURRENCY_ID,COUNTRY_ID) values ('CAD','CAN');
Insert into TEST.CURRENCIES_COUNTRIES (CURRENCY_ID,COUNTRY_ID) values ('CDF','COD');
Insert into TEST.CURRENCIES_COUNTRIES (CURRENCY_ID,COUNTRY_ID) values ('CHF','CHE');
Insert into TEST.CURRENCIES_COUNTRIES (CURRENCY_ID,COUNTRY_ID) values ('CHF','LIE');
Insert into TEST.CURRENCIES_COUNTRIES (CURRENCY_ID,COUNTRY_ID) values ('CLP','CHL');
Insert into TEST.CURRENCIES_COUNTRIES (CURRENCY_ID,COUNTRY_ID) values ('CNY','CHN');
Insert into TEST.CURRENCIES_COUNTRIES (CURRENCY_ID,COUNTRY_ID) values ('COP','COL');
Insert into TEST.CURRENCIES_COUNTRIES (CURRENCY_ID,COUNTRY_ID) values ('CRC','CRI');
Insert into TEST.CURRENCIES_COUNTRIES (CURRENCY_ID,COUNTRY_ID) values ('CUC','CUB');
Insert into TEST.CURRENCIES_COUNTRIES (CURRENCY_ID,COUNTRY_ID) values ('CUP','CUB');
Insert into TEST.CURRENCIES_COUNTRIES (CURRENCY_ID,COUNTRY_ID) values ('CVE','CPV');
Insert into TEST.CURRENCIES_COUNTRIES (CURRENCY_ID,COUNTRY_ID) values ('CZK','CZE');
Insert into TEST.CURRENCIES_COUNTRIES (CURRENCY_ID,COUNTRY_ID) values ('DJF','DJI');
Insert into TEST.CURRENCIES_COUNTRIES (CURRENCY_ID,COUNTRY_ID) values ('DKK','DNK');
Insert into TEST.CURRENCIES_COUNTRIES (CURRENCY_ID,COUNTRY_ID) values ('DOP','DOM');
Insert into TEST.CURRENCIES_COUNTRIES (CURRENCY_ID,COUNTRY_ID) values ('DZD','DZA');
Insert into TEST.CURRENCIES_COUNTRIES (CURRENCY_ID,COUNTRY_ID) values ('EGP','EGY');
Insert into TEST.CURRENCIES_COUNTRIES (CURRENCY_ID,COUNTRY_ID) values ('ERN','ERI');
Insert into TEST.CURRENCIES_COUNTRIES (CURRENCY_ID,COUNTRY_ID) values ('ETB','ETH');
Insert into TEST.CURRENCIES_COUNTRIES (CURRENCY_ID,COUNTRY_ID) values ('EUR','AND');
Insert into TEST.CURRENCIES_COUNTRIES (CURRENCY_ID,COUNTRY_ID) values ('EUR','AUT');
Insert into TEST.CURRENCIES_COUNTRIES (CURRENCY_ID,COUNTRY_ID) values ('EUR','BEL');
Insert into TEST.CURRENCIES_COUNTRIES (CURRENCY_ID,COUNTRY_ID) values ('EUR','CYP');
Insert into TEST.CURRENCIES_COUNTRIES (CURRENCY_ID,COUNTRY_ID) values ('EUR','DEU');
Insert into TEST.CURRENCIES_COUNTRIES (CURRENCY_ID,COUNTRY_ID) values ('EUR','ESP');
Insert into TEST.CURRENCIES_COUNTRIES (CURRENCY_ID,COUNTRY_ID) values ('EUR','EST');
Insert into TEST.CURRENCIES_COUNTRIES (CURRENCY_ID,COUNTRY_ID) values ('EUR','FIN');
Insert into TEST.CURRENCIES_COUNTRIES (CURRENCY_ID,COUNTRY_ID) values ('EUR','FRA');
Insert into TEST.CURRENCIES_COUNTRIES (CURRENCY_ID,COUNTRY_ID) values ('EUR','GRC');
Insert into TEST.CURRENCIES_COUNTRIES (CURRENCY_ID,COUNTRY_ID) values ('EUR','IRL');
Insert into TEST.CURRENCIES_COUNTRIES (CURRENCY_ID,COUNTRY_ID) values ('EUR','ITA');
Insert into TEST.CURRENCIES_COUNTRIES (CURRENCY_ID,COUNTRY_ID) values ('EUR','LTU');
Insert into TEST.CURRENCIES_COUNTRIES (CURRENCY_ID,COUNTRY_ID) values ('EUR','LUX');
Insert into TEST.CURRENCIES_COUNTRIES (CURRENCY_ID,COUNTRY_ID) values ('EUR','LVA');
Insert into TEST.CURRENCIES_COUNTRIES (CURRENCY_ID,COUNTRY_ID) values ('EUR','MCO');
Insert into TEST.CURRENCIES_COUNTRIES (CURRENCY_ID,COUNTRY_ID) values ('EUR','MLT');
Insert into TEST.CURRENCIES_COUNTRIES (CURRENCY_ID,COUNTRY_ID) values ('EUR','MNE');
Insert into TEST.CURRENCIES_COUNTRIES (CURRENCY_ID,COUNTRY_ID) values ('EUR','NLD');
Insert into TEST.CURRENCIES_COUNTRIES (CURRENCY_ID,COUNTRY_ID) values ('EUR','PRT');
Insert into TEST.CURRENCIES_COUNTRIES (CURRENCY_ID,COUNTRY_ID) values ('EUR','SMR');
Insert into TEST.CURRENCIES_COUNTRIES (CURRENCY_ID,COUNTRY_ID) values ('EUR','SVK');
Insert into TEST.CURRENCIES_COUNTRIES (CURRENCY_ID,COUNTRY_ID) values ('EUR','SVN');
Insert into TEST.CURRENCIES_COUNTRIES (CURRENCY_ID,COUNTRY_ID) values ('EUR','VAT');
Insert into TEST.CURRENCIES_COUNTRIES (CURRENCY_ID,COUNTRY_ID) values ('EUR','XKX');
Insert into TEST.CURRENCIES_COUNTRIES (CURRENCY_ID,COUNTRY_ID) values ('FJD','FJI');
Insert into TEST.CURRENCIES_COUNTRIES (CURRENCY_ID,COUNTRY_ID) values ('GBP','GBR');
Insert into TEST.CURRENCIES_COUNTRIES (CURRENCY_ID,COUNTRY_ID) values ('GEL','GEO');
Insert into TEST.CURRENCIES_COUNTRIES (CURRENCY_ID,COUNTRY_ID) values ('GHS','GHA');
Insert into TEST.CURRENCIES_COUNTRIES (CURRENCY_ID,COUNTRY_ID) values ('GMD','GMB');
Insert into TEST.CURRENCIES_COUNTRIES (CURRENCY_ID,COUNTRY_ID) values ('GNF','GIN');
Insert into TEST.CURRENCIES_COUNTRIES (CURRENCY_ID,COUNTRY_ID) values ('GTQ','GTM');
Insert into TEST.CURRENCIES_COUNTRIES (CURRENCY_ID,COUNTRY_ID) values ('GYD','GUY');
Insert into TEST.CURRENCIES_COUNTRIES (CURRENCY_ID,COUNTRY_ID) values ('HNL','HND');
Insert into TEST.CURRENCIES_COUNTRIES (CURRENCY_ID,COUNTRY_ID) values ('HRK','HRV');
Insert into TEST.CURRENCIES_COUNTRIES (CURRENCY_ID,COUNTRY_ID) values ('HTG','HTI');
Insert into TEST.CURRENCIES_COUNTRIES (CURRENCY_ID,COUNTRY_ID) values ('HUF','HUN');
Insert into TEST.CURRENCIES_COUNTRIES (CURRENCY_ID,COUNTRY_ID) values ('IDR','IDN');
Insert into TEST.CURRENCIES_COUNTRIES (CURRENCY_ID,COUNTRY_ID) values ('ILS','ISR');
Insert into TEST.CURRENCIES_COUNTRIES (CURRENCY_ID,COUNTRY_ID) values ('INR','BTN');
Insert into TEST.CURRENCIES_COUNTRIES (CURRENCY_ID,COUNTRY_ID) values ('INR','IND');
Insert into TEST.CURRENCIES_COUNTRIES (CURRENCY_ID,COUNTRY_ID) values ('IQD','IRQ');
Insert into TEST.CURRENCIES_COUNTRIES (CURRENCY_ID,COUNTRY_ID) values ('IRR','IRN');
Insert into TEST.CURRENCIES_COUNTRIES (CURRENCY_ID,COUNTRY_ID) values ('ISK','ISL');
Insert into TEST.CURRENCIES_COUNTRIES (CURRENCY_ID,COUNTRY_ID) values ('JMD','JAM');
Insert into TEST.CURRENCIES_COUNTRIES (CURRENCY_ID,COUNTRY_ID) values ('JOD','JOR');
Insert into TEST.CURRENCIES_COUNTRIES (CURRENCY_ID,COUNTRY_ID) values ('JPY','JPN');
Insert into TEST.CURRENCIES_COUNTRIES (CURRENCY_ID,COUNTRY_ID) values ('KES','KEN');
Insert into TEST.CURRENCIES_COUNTRIES (CURRENCY_ID,COUNTRY_ID) values ('KGS','KGZ');
Insert into TEST.CURRENCIES_COUNTRIES (CURRENCY_ID,COUNTRY_ID) values ('KHR','KHM');
Insert into TEST.CURRENCIES_COUNTRIES (CURRENCY_ID,COUNTRY_ID) values ('KMF','COM');
Insert into TEST.CURRENCIES_COUNTRIES (CURRENCY_ID,COUNTRY_ID) values ('KPW','PRK');
Insert into TEST.CURRENCIES_COUNTRIES (CURRENCY_ID,COUNTRY_ID) values ('KRW','KOR');
Insert into TEST.CURRENCIES_COUNTRIES (CURRENCY_ID,COUNTRY_ID) values ('KWD','KWT');
Insert into TEST.CURRENCIES_COUNTRIES (CURRENCY_ID,COUNTRY_ID) values ('KZT','KAZ');
Insert into TEST.CURRENCIES_COUNTRIES (CURRENCY_ID,COUNTRY_ID) values ('LAK','LAO');
Insert into TEST.CURRENCIES_COUNTRIES (CURRENCY_ID,COUNTRY_ID) values ('LBP','LBN');
Insert into TEST.CURRENCIES_COUNTRIES (CURRENCY_ID,COUNTRY_ID) values ('LKR','LKA');
Insert into TEST.CURRENCIES_COUNTRIES (CURRENCY_ID,COUNTRY_ID) values ('LRD','LBR');
Insert into TEST.CURRENCIES_COUNTRIES (CURRENCY_ID,COUNTRY_ID) values ('LSL','LSO');
Insert into TEST.CURRENCIES_COUNTRIES (CURRENCY_ID,COUNTRY_ID) values ('LYD','LBY');
Insert into TEST.CURRENCIES_COUNTRIES (CURRENCY_ID,COUNTRY_ID) values ('MAD','MAR');
Insert into TEST.CURRENCIES_COUNTRIES (CURRENCY_ID,COUNTRY_ID) values ('MDL','MDA');
Insert into TEST.CURRENCIES_COUNTRIES (CURRENCY_ID,COUNTRY_ID) values ('MGA','MDG');
Insert into TEST.CURRENCIES_COUNTRIES (CURRENCY_ID,COUNTRY_ID) values ('MKD','MKD');
Insert into TEST.CURRENCIES_COUNTRIES (CURRENCY_ID,COUNTRY_ID) values ('MMK','MMR');
Insert into TEST.CURRENCIES_COUNTRIES (CURRENCY_ID,COUNTRY_ID) values ('MNT','MNG');
Insert into TEST.CURRENCIES_COUNTRIES (CURRENCY_ID,COUNTRY_ID) values ('MRU','MRT');
Insert into TEST.CURRENCIES_COUNTRIES (CURRENCY_ID,COUNTRY_ID) values ('MUR','MUS');
Insert into TEST.CURRENCIES_COUNTRIES (CURRENCY_ID,COUNTRY_ID) values ('MVR','MDV');
Insert into TEST.CURRENCIES_COUNTRIES (CURRENCY_ID,COUNTRY_ID) values ('MWK','MWI');
Insert into TEST.CURRENCIES_COUNTRIES (CURRENCY_ID,COUNTRY_ID) values ('MXN','MEX');
Insert into TEST.CURRENCIES_COUNTRIES (CURRENCY_ID,COUNTRY_ID) values ('MYR','MYS');
Insert into TEST.CURRENCIES_COUNTRIES (CURRENCY_ID,COUNTRY_ID) values ('MZN','MOZ');
Insert into TEST.CURRENCIES_COUNTRIES (CURRENCY_ID,COUNTRY_ID) values ('NAD','NAM');
Insert into TEST.CURRENCIES_COUNTRIES (CURRENCY_ID,COUNTRY_ID) values ('NGN','NGA');
Insert into TEST.CURRENCIES_COUNTRIES (CURRENCY_ID,COUNTRY_ID) values ('NIO','NIC');
Insert into TEST.CURRENCIES_COUNTRIES (CURRENCY_ID,COUNTRY_ID) values ('NOK','NOR');
Insert into TEST.CURRENCIES_COUNTRIES (CURRENCY_ID,COUNTRY_ID) values ('NPR','NPL');
Insert into TEST.CURRENCIES_COUNTRIES (CURRENCY_ID,COUNTRY_ID) values ('NZD','NZL');
Insert into TEST.CURRENCIES_COUNTRIES (CURRENCY_ID,COUNTRY_ID) values ('OMR','OMN');
Insert into TEST.CURRENCIES_COUNTRIES (CURRENCY_ID,COUNTRY_ID) values ('PEN','PER');
Insert into TEST.CURRENCIES_COUNTRIES (CURRENCY_ID,COUNTRY_ID) values ('PGK','PNG');
Insert into TEST.CURRENCIES_COUNTRIES (CURRENCY_ID,COUNTRY_ID) values ('PHP','PHL');
Insert into TEST.CURRENCIES_COUNTRIES (CURRENCY_ID,COUNTRY_ID) values ('PKR','PAK');
Insert into TEST.CURRENCIES_COUNTRIES (CURRENCY_ID,COUNTRY_ID) values ('PLN','POL');
Insert into TEST.CURRENCIES_COUNTRIES (CURRENCY_ID,COUNTRY_ID) values ('PYG','PRY');
Insert into TEST.CURRENCIES_COUNTRIES (CURRENCY_ID,COUNTRY_ID) values ('QAR','QAT');
Insert into TEST.CURRENCIES_COUNTRIES (CURRENCY_ID,COUNTRY_ID) values ('RON','ROU');
Insert into TEST.CURRENCIES_COUNTRIES (CURRENCY_ID,COUNTRY_ID) values ('RSD','SRB');
Insert into TEST.CURRENCIES_COUNTRIES (CURRENCY_ID,COUNTRY_ID) values ('RSD','XKX');
Insert into TEST.CURRENCIES_COUNTRIES (CURRENCY_ID,COUNTRY_ID) values ('RUB','RUS');
Insert into TEST.CURRENCIES_COUNTRIES (CURRENCY_ID,COUNTRY_ID) values ('RWF','RWA');
Insert into TEST.CURRENCIES_COUNTRIES (CURRENCY_ID,COUNTRY_ID) values ('SAR','SAU');
Insert into TEST.CURRENCIES_COUNTRIES (CURRENCY_ID,COUNTRY_ID) values ('SBD','SLB');
Insert into TEST.CURRENCIES_COUNTRIES (CURRENCY_ID,COUNTRY_ID) values ('SCR','SYC');
Insert into TEST.CURRENCIES_COUNTRIES (CURRENCY_ID,COUNTRY_ID) values ('SDG','SDN');
Insert into TEST.CURRENCIES_COUNTRIES (CURRENCY_ID,COUNTRY_ID) values ('SEK','SWE');
Insert into TEST.CURRENCIES_COUNTRIES (CURRENCY_ID,COUNTRY_ID) values ('SGD','SGP');
Insert into TEST.CURRENCIES_COUNTRIES (CURRENCY_ID,COUNTRY_ID) values ('SLL','SLE');
Insert into TEST.CURRENCIES_COUNTRIES (CURRENCY_ID,COUNTRY_ID) values ('SOS','SOM');
Insert into TEST.CURRENCIES_COUNTRIES (CURRENCY_ID,COUNTRY_ID) values ('SRD','SUR');
Insert into TEST.CURRENCIES_COUNTRIES (CURRENCY_ID,COUNTRY_ID) values ('SSP','SSD');
Insert into TEST.CURRENCIES_COUNTRIES (CURRENCY_ID,COUNTRY_ID) values ('STN','STP');
Insert into TEST.CURRENCIES_COUNTRIES (CURRENCY_ID,COUNTRY_ID) values ('SVC','SLV');
Insert into TEST.CURRENCIES_COUNTRIES (CURRENCY_ID,COUNTRY_ID) values ('SYP','SYR');
Insert into TEST.CURRENCIES_COUNTRIES (CURRENCY_ID,COUNTRY_ID) values ('SZL','SWZ');
Insert into TEST.CURRENCIES_COUNTRIES (CURRENCY_ID,COUNTRY_ID) values ('THB','THA');
Insert into TEST.CURRENCIES_COUNTRIES (CURRENCY_ID,COUNTRY_ID) values ('TJS','TJK');
Insert into TEST.CURRENCIES_COUNTRIES (CURRENCY_ID,COUNTRY_ID) values ('TMT','TKM');
Insert into TEST.CURRENCIES_COUNTRIES (CURRENCY_ID,COUNTRY_ID) values ('TND','TUN');
Insert into TEST.CURRENCIES_COUNTRIES (CURRENCY_ID,COUNTRY_ID) values ('TOP','TON');
Insert into TEST.CURRENCIES_COUNTRIES (CURRENCY_ID,COUNTRY_ID) values ('TRY','TUR');
Insert into TEST.CURRENCIES_COUNTRIES (CURRENCY_ID,COUNTRY_ID) values ('TTD','TTO');
Insert into TEST.CURRENCIES_COUNTRIES (CURRENCY_ID,COUNTRY_ID) values ('TWD','TWN');
Insert into TEST.CURRENCIES_COUNTRIES (CURRENCY_ID,COUNTRY_ID) values ('TZS','TZA');
Insert into TEST.CURRENCIES_COUNTRIES (CURRENCY_ID,COUNTRY_ID) values ('UAH','UKR');
Insert into TEST.CURRENCIES_COUNTRIES (CURRENCY_ID,COUNTRY_ID) values ('UGX','UGA');
Insert into TEST.CURRENCIES_COUNTRIES (CURRENCY_ID,COUNTRY_ID) values ('USD','ECU');
Insert into TEST.CURRENCIES_COUNTRIES (CURRENCY_ID,COUNTRY_ID) values ('USD','FSM');
Insert into TEST.CURRENCIES_COUNTRIES (CURRENCY_ID,COUNTRY_ID) values ('USD','HTI');
Insert into TEST.CURRENCIES_COUNTRIES (CURRENCY_ID,COUNTRY_ID) values ('USD','MHL');
Insert into TEST.CURRENCIES_COUNTRIES (CURRENCY_ID,COUNTRY_ID) values ('USD','PAN');
Insert into TEST.CURRENCIES_COUNTRIES (CURRENCY_ID,COUNTRY_ID) values ('USD','PLW');
Insert into TEST.CURRENCIES_COUNTRIES (CURRENCY_ID,COUNTRY_ID) values ('USD','SLV');
Insert into TEST.CURRENCIES_COUNTRIES (CURRENCY_ID,COUNTRY_ID) values ('USD','TLS');
Insert into TEST.CURRENCIES_COUNTRIES (CURRENCY_ID,COUNTRY_ID) values ('USD','USA');
Insert into TEST.CURRENCIES_COUNTRIES (CURRENCY_ID,COUNTRY_ID) values ('UYU','URY');
Insert into TEST.CURRENCIES_COUNTRIES (CURRENCY_ID,COUNTRY_ID) values ('UZS','UZB');
Insert into TEST.CURRENCIES_COUNTRIES (CURRENCY_ID,COUNTRY_ID) values ('VES','VEN');
Insert into TEST.CURRENCIES_COUNTRIES (CURRENCY_ID,COUNTRY_ID) values ('VND','VNM');
Insert into TEST.CURRENCIES_COUNTRIES (CURRENCY_ID,COUNTRY_ID) values ('VUV','VUT');
Insert into TEST.CURRENCIES_COUNTRIES (CURRENCY_ID,COUNTRY_ID) values ('WST','WSM');
Insert into TEST.CURRENCIES_COUNTRIES (CURRENCY_ID,COUNTRY_ID) values ('XAF','CAF');
Insert into TEST.CURRENCIES_COUNTRIES (CURRENCY_ID,COUNTRY_ID) values ('XAF','CMR');
Insert into TEST.CURRENCIES_COUNTRIES (CURRENCY_ID,COUNTRY_ID) values ('XAF','COG');
Insert into TEST.CURRENCIES_COUNTRIES (CURRENCY_ID,COUNTRY_ID) values ('XAF','GAB');
Insert into TEST.CURRENCIES_COUNTRIES (CURRENCY_ID,COUNTRY_ID) values ('XAF','GNQ');
Insert into TEST.CURRENCIES_COUNTRIES (CURRENCY_ID,COUNTRY_ID) values ('XAF','TCD');
Insert into TEST.CURRENCIES_COUNTRIES (CURRENCY_ID,COUNTRY_ID) values ('XCD','ATG');
Insert into TEST.CURRENCIES_COUNTRIES (CURRENCY_ID,COUNTRY_ID) values ('XCD','DMA');
Insert into TEST.CURRENCIES_COUNTRIES (CURRENCY_ID,COUNTRY_ID) values ('XCD','GRD');
Insert into TEST.CURRENCIES_COUNTRIES (CURRENCY_ID,COUNTRY_ID) values ('XCD','KNA');
Insert into TEST.CURRENCIES_COUNTRIES (CURRENCY_ID,COUNTRY_ID) values ('XCD','LCA');
Insert into TEST.CURRENCIES_COUNTRIES (CURRENCY_ID,COUNTRY_ID) values ('XCD','VCT');
Insert into TEST.CURRENCIES_COUNTRIES (CURRENCY_ID,COUNTRY_ID) values ('XOF','BEN');
Insert into TEST.CURRENCIES_COUNTRIES (CURRENCY_ID,COUNTRY_ID) values ('XOF','BFA');
Insert into TEST.CURRENCIES_COUNTRIES (CURRENCY_ID,COUNTRY_ID) values ('XOF','CIV');
Insert into TEST.CURRENCIES_COUNTRIES (CURRENCY_ID,COUNTRY_ID) values ('XOF','GNB');
Insert into TEST.CURRENCIES_COUNTRIES (CURRENCY_ID,COUNTRY_ID) values ('XOF','MLI');
Insert into TEST.CURRENCIES_COUNTRIES (CURRENCY_ID,COUNTRY_ID) values ('XOF','NER');
Insert into TEST.CURRENCIES_COUNTRIES (CURRENCY_ID,COUNTRY_ID) values ('XOF','SEN');
Insert into TEST.CURRENCIES_COUNTRIES (CURRENCY_ID,COUNTRY_ID) values ('XOF','TGO');
Insert into TEST.CURRENCIES_COUNTRIES (CURRENCY_ID,COUNTRY_ID) values ('YER','YEM');
Insert into TEST.CURRENCIES_COUNTRIES (CURRENCY_ID,COUNTRY_ID) values ('ZAR','LSO');
Insert into TEST.CURRENCIES_COUNTRIES (CURRENCY_ID,COUNTRY_ID) values ('ZAR','NAM');
Insert into TEST.CURRENCIES_COUNTRIES (CURRENCY_ID,COUNTRY_ID) values ('ZAR','ZAF');
Insert into TEST.CURRENCIES_COUNTRIES (CURRENCY_ID,COUNTRY_ID) values ('ZMW','ZMB');
Insert into TEST.CURRENCIES_COUNTRIES (CURRENCY_ID,COUNTRY_ID) values ('ZWL','ZWE');
REM INSERTING into TEST.REGIONS
SET DEFINE OFF;
Insert into TEST.REGIONS (REGION_ID,NAME) values ('AF','Africa');
Insert into TEST.REGIONS (REGION_ID,NAME) values ('AN','Antarctica');
Insert into TEST.REGIONS (REGION_ID,NAME) values ('AS','Asia');
Insert into TEST.REGIONS (REGION_ID,NAME) values ('EU','Europe');
Insert into TEST.REGIONS (REGION_ID,NAME) values ('NA','North America');
Insert into TEST.REGIONS (REGION_ID,NAME) values ('OC','Oceania');
Insert into TEST.REGIONS (REGION_ID,NAME) values ('SA','South America');
--------------------------------------------------------
--  DDL for Index REGIONS_PK
--------------------------------------------------------

  CREATE UNIQUE INDEX "TEST"."REGIONS_PK" ON "TEST"."REGIONS" ("REGION_ID")
  PCTFREE 10 INITRANS 2 MAXTRANS 255 COMPUTE STATISTICS
  STORAGE(INITIAL 65536 NEXT 1048576 MINEXTENTS 1 MAXEXTENTS 2147483645
  PCTINCREASE 0 FREELISTS 1 FREELIST GROUPS 1
  BUFFER_POOL DEFAULT FLASH_CACHE DEFAULT CELL_FLASH_CACHE DEFAULT)
  TABLESPACE "USERS" ;
--------------------------------------------------------
--  DDL for Index COUNTRIES_REGIONS_FK001
--------------------------------------------------------

  CREATE INDEX "TEST"."COUNTRIES_REGIONS_FK001" ON "TEST"."COUNTRIES" ("REGION_ID")
  PCTFREE 10 INITRANS 2 MAXTRANS 255 COMPUTE STATISTICS
  STORAGE(INITIAL 65536 NEXT 1048576 MINEXTENTS 1 MAXEXTENTS 2147483645
  PCTINCREASE 0 FREELISTS 1 FREELIST GROUPS 1
  BUFFER_POOL DEFAULT FLASH_CACHE DEFAULT CELL_FLASH_CACHE DEFAULT)
  TABLESPACE "USERS" ;
--------------------------------------------------------
--  DDL for Index CURRENCIES_PK
--------------------------------------------------------

  CREATE UNIQUE INDEX "TEST"."CURRENCIES_PK" ON "TEST"."CURRENCIES" ("CURRENCY_ID")
  PCTFREE 10 INITRANS 2 MAXTRANS 255 COMPUTE STATISTICS
  STORAGE(INITIAL 65536 NEXT 1048576 MINEXTENTS 1 MAXEXTENTS 2147483645
  PCTINCREASE 0 FREELISTS 1 FREELIST GROUPS 1
  BUFFER_POOL DEFAULT FLASH_CACHE DEFAULT CELL_FLASH_CACHE DEFAULT)
  TABLESPACE "USERS" ;
--------------------------------------------------------
--  DDL for Index CITIES_COUNTRIES_FK001
--------------------------------------------------------

  CREATE INDEX "TEST"."CITIES_COUNTRIES_FK001" ON "TEST"."CITIES" ("COUNTRY_ID")
  PCTFREE 10 INITRANS 2 MAXTRANS 255 COMPUTE STATISTICS
  STORAGE(INITIAL 65536 NEXT 1048576 MINEXTENTS 1 MAXEXTENTS 2147483645
  PCTINCREASE 0 FREELISTS 1 FREELIST GROUPS 1
  BUFFER_POOL DEFAULT FLASH_CACHE DEFAULT CELL_FLASH_CACHE DEFAULT)
  TABLESPACE "USERS" ;
--------------------------------------------------------
--  DDL for Index COUNTRIES_PK
--------------------------------------------------------

  CREATE UNIQUE INDEX "TEST"."COUNTRIES_PK" ON "TEST"."COUNTRIES" ("COUNTRY_ID")
  PCTFREE 10 INITRANS 2 MAXTRANS 255 COMPUTE STATISTICS
  STORAGE(INITIAL 65536 NEXT 1048576 MINEXTENTS 1 MAXEXTENTS 2147483645
  PCTINCREASE 0 FREELISTS 1 FREELIST GROUPS 1
  BUFFER_POOL DEFAULT FLASH_CACHE DEFAULT CELL_FLASH_CACHE DEFAULT)
  TABLESPACE "USERS" ;
--------------------------------------------------------
--  DDL for Index CURRENCIES_COUNTRIES_PK
--------------------------------------------------------

  CREATE UNIQUE INDEX "TEST"."CURRENCIES_COUNTRIES_PK" ON "TEST"."CURRENCIES_COUNTRIES" ("CURRENCY_ID", "COUNTRY_ID")
  PCTFREE 10 INITRANS 2 MAXTRANS 255 COMPUTE STATISTICS
  STORAGE(INITIAL 65536 NEXT 1048576 MINEXTENTS 1 MAXEXTENTS 2147483645
  PCTINCREASE 0 FREELISTS 1 FREELIST GROUPS 1
  BUFFER_POOL DEFAULT FLASH_CACHE DEFAULT CELL_FLASH_CACHE DEFAULT)
  TABLESPACE "USERS" ;
--------------------------------------------------------
--  DDL for Index CITIES_PK
--------------------------------------------------------

  CREATE UNIQUE INDEX "TEST"."CITIES_PK" ON "TEST"."CITIES" ("CITY_ID")
  PCTFREE 10 INITRANS 2 MAXTRANS 255 COMPUTE STATISTICS
  STORAGE(INITIAL 65536 NEXT 1048576 MINEXTENTS 1 MAXEXTENTS 2147483645
  PCTINCREASE 0 FREELISTS 1 FREELIST GROUPS 1
  BUFFER_POOL DEFAULT FLASH_CACHE DEFAULT CELL_FLASH_CACHE DEFAULT)
  TABLESPACE "USERS" ;
--------------------------------------------------------
--  Constraints for Table CURRENCIES_COUNTRIES
--------------------------------------------------------

  ALTER TABLE "TEST"."CURRENCIES_COUNTRIES" MODIFY ("CURRENCY_ID" NOT NULL ENABLE);
  ALTER TABLE "TEST"."CURRENCIES_COUNTRIES" MODIFY ("COUNTRY_ID" NOT NULL ENABLE);
  ALTER TABLE "TEST"."CURRENCIES_COUNTRIES" ADD CONSTRAINT "CURRENCIES_COUNTRIES_PK" PRIMARY KEY ("CURRENCY_ID", "COUNTRY_ID")
  USING INDEX PCTFREE 10 INITRANS 2 MAXTRANS 255 COMPUTE STATISTICS
  STORAGE(INITIAL 65536 NEXT 1048576 MINEXTENTS 1 MAXEXTENTS 2147483645
  PCTINCREASE 0 FREELISTS 1 FREELIST GROUPS 1
  BUFFER_POOL DEFAULT FLASH_CACHE DEFAULT CELL_FLASH_CACHE DEFAULT)
  TABLESPACE "USERS"  ENABLE;
--------------------------------------------------------
--  Constraints for Table CURRENCIES
--------------------------------------------------------

  ALTER TABLE "TEST"."CURRENCIES" MODIFY ("CURRENCY_ID" NOT NULL ENABLE);
  ALTER TABLE "TEST"."CURRENCIES" MODIFY ("NAME" NOT NULL ENABLE);
  ALTER TABLE "TEST"."CURRENCIES" MODIFY ("SYMBOL" NOT NULL ENABLE);
  ALTER TABLE "TEST"."CURRENCIES" ADD CONSTRAINT "CURRENCIES_PK" PRIMARY KEY ("CURRENCY_ID")
  USING INDEX PCTFREE 10 INITRANS 2 MAXTRANS 255 COMPUTE STATISTICS
  STORAGE(INITIAL 65536 NEXT 1048576 MINEXTENTS 1 MAXEXTENTS 2147483645
  PCTINCREASE 0 FREELISTS 1 FREELIST GROUPS 1
  BUFFER_POOL DEFAULT FLASH_CACHE DEFAULT CELL_FLASH_CACHE DEFAULT)
  TABLESPACE "USERS"  ENABLE;
--------------------------------------------------------
--  Constraints for Table CITIES
--------------------------------------------------------

  ALTER TABLE "TEST"."CITIES" MODIFY ("CITY_ID" NOT NULL ENABLE);
  ALTER TABLE "TEST"."CITIES" MODIFY ("NAME" NOT NULL ENABLE);
  ALTER TABLE "TEST"."CITIES" MODIFY ("IS_CAPITAL" NOT NULL ENABLE);
  ALTER TABLE "TEST"."CITIES" MODIFY ("COUNTRY_ID" NOT NULL ENABLE);
  ALTER TABLE "TEST"."CITIES" ADD CONSTRAINT "CITIES_IS_CAPITAL_Y_N_CHECK001" CHECK (is_capital IN ('Y','N')) ENABLE;
  ALTER TABLE "TEST"."CITIES" ADD CONSTRAINT "CITIES_PK" PRIMARY KEY ("CITY_ID")
  USING INDEX PCTFREE 10 INITRANS 2 MAXTRANS 255 COMPUTE STATISTICS
  STORAGE(INITIAL 65536 NEXT 1048576 MINEXTENTS 1 MAXEXTENTS 2147483645
  PCTINCREASE 0 FREELISTS 1 FREELIST GROUPS 1
  BUFFER_POOL DEFAULT FLASH_CACHE DEFAULT CELL_FLASH_CACHE DEFAULT)
  TABLESPACE "USERS"  ENABLE;
--------------------------------------------------------
--  Constraints for Table COUNTRIES
--------------------------------------------------------

  ALTER TABLE "TEST"."COUNTRIES" MODIFY ("COUNTRY_ID" NOT NULL ENABLE);
  ALTER TABLE "TEST"."COUNTRIES" MODIFY ("COUNTRY_CODE" NOT NULL ENABLE);
  ALTER TABLE "TEST"."COUNTRIES" MODIFY ("NAME" NOT NULL ENABLE);
  ALTER TABLE "TEST"."COUNTRIES" MODIFY ("REGION_ID" NOT NULL ENABLE);
  ALTER TABLE "TEST"."COUNTRIES" ADD CONSTRAINT "COUNTRIES_PK" PRIMARY KEY ("COUNTRY_ID")
  USING INDEX PCTFREE 10 INITRANS 2 MAXTRANS 255 COMPUTE STATISTICS
  STORAGE(INITIAL 65536 NEXT 1048576 MINEXTENTS 1 MAXEXTENTS 2147483645
  PCTINCREASE 0 FREELISTS 1 FREELIST GROUPS 1
  BUFFER_POOL DEFAULT FLASH_CACHE DEFAULT CELL_FLASH_CACHE DEFAULT)
  TABLESPACE "USERS"  ENABLE;
--------------------------------------------------------
--  Constraints for Table REGIONS
--------------------------------------------------------

  ALTER TABLE "TEST"."REGIONS" MODIFY ("REGION_ID" NOT NULL ENABLE);
  ALTER TABLE "TEST"."REGIONS" MODIFY ("NAME" NOT NULL ENABLE);
  ALTER TABLE "TEST"."REGIONS" ADD CONSTRAINT "REGIONS_PK" PRIMARY KEY ("REGION_ID")
  USING INDEX PCTFREE 10 INITRANS 2 MAXTRANS 255 COMPUTE STATISTICS
  STORAGE(INITIAL 65536 NEXT 1048576 MINEXTENTS 1 MAXEXTENTS 2147483645
  PCTINCREASE 0 FREELISTS 1 FREELIST GROUPS 1
  BUFFER_POOL DEFAULT FLASH_CACHE DEFAULT CELL_FLASH_CACHE DEFAULT)
  TABLESPACE "USERS"  ENABLE;
--------------------------------------------------------
--  Ref Constraints for Table CITIES
--------------------------------------------------------

  ALTER TABLE "TEST"."CITIES" ADD CONSTRAINT "CITIES_COUNTRIES_FK001" FOREIGN KEY ("COUNTRY_ID")
	  REFERENCES "TEST"."COUNTRIES" ("COUNTRY_ID") ENABLE;
--------------------------------------------------------
--  Ref Constraints for Table COUNTRIES
--------------------------------------------------------

  ALTER TABLE "TEST"."COUNTRIES" ADD CONSTRAINT "COUNTRIES_REGIONS_FK001" FOREIGN KEY ("REGION_ID")
	  REFERENCES "TEST"."REGIONS" ("REGION_ID") ENABLE;
--------------------------------------------------------
--  Ref Constraints for Table CURRENCIES_COUNTRIES
--------------------------------------------------------

  ALTER TABLE "TEST"."CURRENCIES_COUNTRIES" ADD CONSTRAINT "CURRENCIES_COUNTRIES_CURRENCIES_FK001" FOREIGN KEY ("CURRENCY_ID")
	  REFERENCES "TEST"."CURRENCIES" ("CURRENCY_ID") ENABLE;
  ALTER TABLE "TEST"."CURRENCIES_COUNTRIES" ADD CONSTRAINT "CURRENCIES_COUNTRIES_COUNTRIES_FK002" FOREIGN KEY ("COUNTRY_ID")
	  REFERENCES "TEST"."COUNTRIES" ("COUNTRY_ID") ENABLE;
